"n_features","feature_set","model","train_environment","test_environment","test_subject","accuracy","sensitivity","specificity","f1_score","balanced_accuracy","mcc"
1,"var_roc_mean_mag","Logistic Regression","Open","Open","abel",1,1,1,1,1,1
1,"var_roc_mean_mag","Logistic Regression","Open","Open","collin",1,1,1,1,1,1
1,"var_roc_mean_mag","Logistic Regression","Open","Open","ivan",1,1,1,1,1,1
1,"var_roc_mean_mag","Logistic Regression","Open","Open","kenny",1,1,1,1,1,1
1,"var_roc_mean_mag","Logistic Regression","Open","Open","matthew",0.9,0.8,1,0.888888888888889,0.9,0.816496580927726
1,"var_roc_mean_mag","Logistic Regression","Open","Foil","abel",0.5,1,0,0.666666666666667,0.5,0
1,"var_roc_mean_mag","Logistic Regression","Open","Foil","collin",0.6,1,0.2,0.714285714285714,0.6,0.333333333333333
1,"var_roc_mean_mag","Logistic Regression","Open","Foil","ivan",0.5,1,0,0.666666666666667,0.5,0
1,"var_roc_mean_mag","Logistic Regression","Open","Foil","kenny",0.5,1,0,0.666666666666667,0.5,0
1,"var_roc_mean_mag","Logistic Regression","Open","Foil","matthew",0.5,1,0,0.666666666666667,0.5,0
1,"var_roc_mean_mag","Logistic Regression","Open","No Foil","abel",1,1,1,1,1,1
1,"var_roc_mean_mag","Logistic Regression","Open","No Foil","collin",1,1,1,1,1,1
1,"var_roc_mean_mag","Logistic Regression","Open","No Foil","ivan",0.5,1,0,0.666666666666667,0.5,0
1,"var_roc_mean_mag","Logistic Regression","Open","No Foil","kenny",0.6,1,0.2,0.714285714285714,0.6,0.333333333333333
1,"var_roc_mean_mag","Logistic Regression","Open","No Foil","matthew",0.8,1,0.6,0.833333333333333,0.8,0.654653670707977
1,"var_roc_mean_mag","Logistic Regression","Foil","Open","abel",0.5,0,1,NA,0.5,0
1,"var_roc_mean_mag","Logistic Regression","Foil","Open","collin",0.5,0,1,NA,0.5,0
1,"var_roc_mean_mag","Logistic Regression","Foil","Open","ivan",0.5,0,1,NA,0.5,0
1,"var_roc_mean_mag","Logistic Regression","Foil","Open","kenny",0.5,0,1,NA,0.5,0
1,"var_roc_mean_mag","Logistic Regression","Foil","Open","matthew",0.5,0,1,NA,0.5,0
1,"var_roc_mean_mag","Logistic Regression","Foil","Foil","abel",0.6,1,0.2,0.714285714285714,0.6,0.333333333333333
1,"var_roc_mean_mag","Logistic Regression","Foil","Foil","collin",0.9,0.8,1,0.888888888888889,0.9,0.816496580927726
1,"var_roc_mean_mag","Logistic Regression","Foil","Foil","ivan",0.6,0.2,1,0.333333333333333,0.6,0.333333333333333
1,"var_roc_mean_mag","Logistic Regression","Foil","Foil","kenny",0.9,0.8,1,0.888888888888889,0.9,0.816496580927726
1,"var_roc_mean_mag","Logistic Regression","Foil","Foil","matthew",1,1,1,1,1,1
1,"var_roc_mean_mag","Logistic Regression","Foil","No Foil","abel",0.5,0,1,NA,0.5,0
1,"var_roc_mean_mag","Logistic Regression","Foil","No Foil","collin",0.5,0,1,NA,0.5,0
1,"var_roc_mean_mag","Logistic Regression","Foil","No Foil","ivan",0.5,0,1,NA,0.5,0
1,"var_roc_mean_mag","Logistic Regression","Foil","No Foil","kenny",0.5,0,1,NA,0.5,0
1,"var_roc_mean_mag","Logistic Regression","Foil","No Foil","matthew",0.5,0,1,NA,0.5,0
1,"var_roc_mean_mag","Logistic Regression","No Foil","Open","abel",0.5,0,1,NA,0.5,0
1,"var_roc_mean_mag","Logistic Regression","No Foil","Open","collin",0.5,0,1,NA,0.5,0
1,"var_roc_mean_mag","Logistic Regression","No Foil","Open","ivan",0.7,0.4,1,0.571428571428572,0.7,0.5
1,"var_roc_mean_mag","Logistic Regression","No Foil","Open","kenny",0.8,0.6,1,0.75,0.8,0.654653670707977
1,"var_roc_mean_mag","Logistic Regression","No Foil","Open","matthew",0.5,0,1,NA,0.5,0
1,"var_roc_mean_mag","Logistic Regression","No Foil","Foil","abel",0.5,1,0,0.666666666666667,0.5,0
1,"var_roc_mean_mag","Logistic Regression","No Foil","Foil","collin",0.8,0.8,0.8,0.8,0.8,0.6
1,"var_roc_mean_mag","Logistic Regression","No Foil","Foil","ivan",0.7,1,0.4,0.769230769230769,0.7,0.5
1,"var_roc_mean_mag","Logistic Regression","No Foil","Foil","kenny",0.5,1,0,0.666666666666667,0.5,0
1,"var_roc_mean_mag","Logistic Regression","No Foil","Foil","matthew",0.5,1,0,0.666666666666667,0.5,0
1,"var_roc_mean_mag","Logistic Regression","No Foil","No Foil","abel",0.5,0,1,NA,0.5,0
1,"var_roc_mean_mag","Logistic Regression","No Foil","No Foil","collin",0.8,0.6,1,0.75,0.8,0.654653670707977
1,"var_roc_mean_mag","Logistic Regression","No Foil","No Foil","ivan",0.5,1,0,0.666666666666667,0.5,0
1,"var_roc_mean_mag","Logistic Regression","No Foil","No Foil","kenny",0.9,0.8,1,0.888888888888889,0.9,0.816496580927726
1,"var_roc_mean_mag","Logistic Regression","No Foil","No Foil","matthew",1,1,1,1,1,1
1,"var_roc_mean_mag","Decision Tree","Open","Open","abel",1,1,1,1,1,1
1,"var_roc_mean_mag","Decision Tree","Open","Open","collin",1,1,1,1,1,1
1,"var_roc_mean_mag","Decision Tree","Open","Open","ivan",1,1,1,1,1,1
1,"var_roc_mean_mag","Decision Tree","Open","Open","kenny",1,1,1,1,1,1
1,"var_roc_mean_mag","Decision Tree","Open","Open","matthew",0.9,0.8,1,0.888888888888889,0.9,0.816496580927726
1,"var_roc_mean_mag","Decision Tree","Open","Foil","abel",0.5,1,0,0.666666666666667,0.5,0
1,"var_roc_mean_mag","Decision Tree","Open","Foil","collin",0.6,1,0.2,0.714285714285714,0.6,0.333333333333333
1,"var_roc_mean_mag","Decision Tree","Open","Foil","ivan",0.5,1,0,0.666666666666667,0.5,0
1,"var_roc_mean_mag","Decision Tree","Open","Foil","kenny",0.5,1,0,0.666666666666667,0.5,0
1,"var_roc_mean_mag","Decision Tree","Open","Foil","matthew",0.5,1,0,0.666666666666667,0.5,0
1,"var_roc_mean_mag","Decision Tree","Open","No Foil","abel",1,1,1,1,1,1
1,"var_roc_mean_mag","Decision Tree","Open","No Foil","collin",1,1,1,1,1,1
1,"var_roc_mean_mag","Decision Tree","Open","No Foil","ivan",0.5,1,0,0.666666666666667,0.5,0
1,"var_roc_mean_mag","Decision Tree","Open","No Foil","kenny",0.6,1,0.2,0.714285714285714,0.6,0.333333333333333
1,"var_roc_mean_mag","Decision Tree","Open","No Foil","matthew",0.8,1,0.6,0.833333333333333,0.8,0.654653670707977
1,"var_roc_mean_mag","Decision Tree","Foil","Open","abel",0.5,0,1,NA,0.5,0
1,"var_roc_mean_mag","Decision Tree","Foil","Open","collin",0.5,0,1,NA,0.5,0
1,"var_roc_mean_mag","Decision Tree","Foil","Open","ivan",0.5,0,1,NA,0.5,0
1,"var_roc_mean_mag","Decision Tree","Foil","Open","kenny",0.5,0,1,NA,0.5,0
1,"var_roc_mean_mag","Decision Tree","Foil","Open","matthew",0.5,0,1,NA,0.5,0
1,"var_roc_mean_mag","Decision Tree","Foil","Foil","abel",0.5,1,0,0.666666666666667,0.5,0
1,"var_roc_mean_mag","Decision Tree","Foil","Foil","collin",0.9,0.8,1,0.888888888888889,0.9,0.816496580927726
1,"var_roc_mean_mag","Decision Tree","Foil","Foil","ivan",0.6,0.2,1,0.333333333333333,0.6,0.333333333333333
1,"var_roc_mean_mag","Decision Tree","Foil","Foil","kenny",0.9,0.8,1,0.888888888888889,0.9,0.816496580927726
1,"var_roc_mean_mag","Decision Tree","Foil","Foil","matthew",0.9,1,0.8,0.909090909090909,0.9,0.816496580927726
1,"var_roc_mean_mag","Decision Tree","Foil","No Foil","abel",0.5,0,1,NA,0.5,0
1,"var_roc_mean_mag","Decision Tree","Foil","No Foil","collin",0.5,0,1,NA,0.5,0
1,"var_roc_mean_mag","Decision Tree","Foil","No Foil","ivan",0.5,0,1,NA,0.5,0
1,"var_roc_mean_mag","Decision Tree","Foil","No Foil","kenny",0.5,0,1,NA,0.5,0
1,"var_roc_mean_mag","Decision Tree","Foil","No Foil","matthew",0.7,0.4,1,0.571428571428572,0.7,0.5
1,"var_roc_mean_mag","Decision Tree","No Foil","Open","abel",0.5,0,1,NA,0.5,0
1,"var_roc_mean_mag","Decision Tree","No Foil","Open","collin",0.5,0,1,NA,0.5,0
1,"var_roc_mean_mag","Decision Tree","No Foil","Open","ivan",1,1,1,1,1,1
1,"var_roc_mean_mag","Decision Tree","No Foil","Open","kenny",1,1,1,1,1,1
1,"var_roc_mean_mag","Decision Tree","No Foil","Open","matthew",1,1,1,1,1,1
1,"var_roc_mean_mag","Decision Tree","No Foil","Foil","abel",0.5,1,0,0.666666666666667,0.5,0
1,"var_roc_mean_mag","Decision Tree","No Foil","Foil","collin",0.9,0.8,1,0.888888888888889,0.9,0.816496580927726
1,"var_roc_mean_mag","Decision Tree","No Foil","Foil","ivan",0.6,1,0.2,0.714285714285714,0.6,0.333333333333333
1,"var_roc_mean_mag","Decision Tree","No Foil","Foil","kenny",0.5,1,0,0.666666666666667,0.5,0
1,"var_roc_mean_mag","Decision Tree","No Foil","Foil","matthew",0.5,1,0,0.666666666666667,0.5,0
1,"var_roc_mean_mag","Decision Tree","No Foil","No Foil","abel",0.5,0,1,NA,0.5,0
1,"var_roc_mean_mag","Decision Tree","No Foil","No Foil","collin",0.7,0.4,1,0.571428571428572,0.7,0.5
1,"var_roc_mean_mag","Decision Tree","No Foil","No Foil","ivan",0.5,1,0,0.666666666666667,0.5,0
1,"var_roc_mean_mag","Decision Tree","No Foil","No Foil","kenny",0.6,1,0.2,0.714285714285714,0.6,0.333333333333333
1,"var_roc_mean_mag","Decision Tree","No Foil","No Foil","matthew",0.7,1,0.4,0.769230769230769,0.7,0.5
1,"var_roc_mean_mag","Random Forest","Open","Open","abel",1,1,1,1,1,1
1,"var_roc_mean_mag","Random Forest","Open","Open","collin",1,1,1,1,1,1
1,"var_roc_mean_mag","Random Forest","Open","Open","ivan",1,1,1,1,1,1
1,"var_roc_mean_mag","Random Forest","Open","Open","kenny",1,1,1,1,1,1
1,"var_roc_mean_mag","Random Forest","Open","Open","matthew",0.9,0.8,1,0.888888888888889,0.9,0.816496580927726
1,"var_roc_mean_mag","Random Forest","Open","Foil","abel",0.5,1,0,0.666666666666667,0.5,0
1,"var_roc_mean_mag","Random Forest","Open","Foil","collin",0.6,1,0.2,0.714285714285714,0.6,0.333333333333333
1,"var_roc_mean_mag","Random Forest","Open","Foil","ivan",0.5,1,0,0.666666666666667,0.5,0
1,"var_roc_mean_mag","Random Forest","Open","Foil","kenny",0.5,1,0,0.666666666666667,0.5,0
1,"var_roc_mean_mag","Random Forest","Open","Foil","matthew",0.5,1,0,0.666666666666667,0.5,0
1,"var_roc_mean_mag","Random Forest","Open","No Foil","abel",1,1,1,1,1,1
1,"var_roc_mean_mag","Random Forest","Open","No Foil","collin",1,1,1,1,1,1
1,"var_roc_mean_mag","Random Forest","Open","No Foil","ivan",0.5,1,0,0.666666666666667,0.5,0
1,"var_roc_mean_mag","Random Forest","Open","No Foil","kenny",0.6,1,0.2,0.714285714285714,0.6,0.333333333333333
1,"var_roc_mean_mag","Random Forest","Open","No Foil","matthew",0.8,1,0.6,0.833333333333333,0.8,0.654653670707977
1,"var_roc_mean_mag","Random Forest","Foil","Open","abel",0.5,0,1,NA,0.5,0
1,"var_roc_mean_mag","Random Forest","Foil","Open","collin",0.5,0,1,NA,0.5,0
1,"var_roc_mean_mag","Random Forest","Foil","Open","ivan",0.5,0,1,NA,0.5,0
1,"var_roc_mean_mag","Random Forest","Foil","Open","kenny",0.5,0,1,NA,0.5,0
1,"var_roc_mean_mag","Random Forest","Foil","Open","matthew",0.5,0,1,NA,0.5,0
1,"var_roc_mean_mag","Random Forest","Foil","Foil","abel",0.7,1,0.4,0.769230769230769,0.7,0.5
1,"var_roc_mean_mag","Random Forest","Foil","Foil","collin",0.8,0.6,1,0.75,0.8,0.654653670707977
1,"var_roc_mean_mag","Random Forest","Foil","Foil","ivan",0.6,0.2,1,0.333333333333333,0.6,0.333333333333333
1,"var_roc_mean_mag","Random Forest","Foil","Foil","kenny",0.9,0.8,1,0.888888888888889,0.9,0.816496580927726
1,"var_roc_mean_mag","Random Forest","Foil","Foil","matthew",0.9,1,0.8,0.909090909090909,0.9,0.816496580927726
1,"var_roc_mean_mag","Random Forest","Foil","No Foil","abel",0.5,0,1,NA,0.5,0
1,"var_roc_mean_mag","Random Forest","Foil","No Foil","collin",0.5,0,1,NA,0.5,0
1,"var_roc_mean_mag","Random Forest","Foil","No Foil","ivan",0.3,0,0.6,NA,0.3,-0.5
1,"var_roc_mean_mag","Random Forest","Foil","No Foil","kenny",0.6,0.2,1,0.333333333333333,0.6,0.333333333333333
1,"var_roc_mean_mag","Random Forest","Foil","No Foil","matthew",0.7,0.4,1,0.571428571428572,0.7,0.5
1,"var_roc_mean_mag","Random Forest","No Foil","Open","abel",0.7,0.4,1,0.571428571428572,0.7,0.5
1,"var_roc_mean_mag","Random Forest","No Foil","Open","collin",0.5,0,1,NA,0.5,0
1,"var_roc_mean_mag","Random Forest","No Foil","Open","ivan",0.6,0.2,1,0.333333333333333,0.6,0.333333333333333
1,"var_roc_mean_mag","Random Forest","No Foil","Open","kenny",0.6,0.2,1,0.333333333333333,0.6,0.333333333333333
1,"var_roc_mean_mag","Random Forest","No Foil","Open","matthew",0.9,0.8,1,0.888888888888889,0.9,0.816496580927726
1,"var_roc_mean_mag","Random Forest","No Foil","Foil","abel",0.5,1,0,0.666666666666667,0.5,0
1,"var_roc_mean_mag","Random Forest","No Foil","Foil","collin",1,1,1,1,1,1
1,"var_roc_mean_mag","Random Forest","No Foil","Foil","ivan",0.8,1,0.6,0.833333333333333,0.8,0.654653670707977
1,"var_roc_mean_mag","Random Forest","No Foil","Foil","kenny",0.9,1,0.8,0.909090909090909,0.9,0.816496580927726
1,"var_roc_mean_mag","Random Forest","No Foil","Foil","matthew",0.5,1,0,0.666666666666667,0.5,0
1,"var_roc_mean_mag","Random Forest","No Foil","No Foil","abel",0.7,0.4,1,0.571428571428572,0.7,0.5
1,"var_roc_mean_mag","Random Forest","No Foil","No Foil","collin",0.7,0.4,1,0.571428571428572,0.7,0.5
1,"var_roc_mean_mag","Random Forest","No Foil","No Foil","ivan",0.5,1,0,0.666666666666667,0.5,0
1,"var_roc_mean_mag","Random Forest","No Foil","No Foil","kenny",0.8,0.6,1,0.75,0.8,0.654653670707977
1,"var_roc_mean_mag","Random Forest","No Foil","No Foil","matthew",0.8,0.8,0.8,0.8,0.8,0.6
1,"var_roc_mean_mag","SVM","Open","Open","abel",1,1,1,1,1,1
1,"var_roc_mean_mag","SVM","Open","Open","collin",1,1,1,1,1,1
1,"var_roc_mean_mag","SVM","Open","Open","ivan",1,1,1,1,1,1
1,"var_roc_mean_mag","SVM","Open","Open","kenny",1,1,1,1,1,1
1,"var_roc_mean_mag","SVM","Open","Open","matthew",0.9,0.8,1,0.888888888888889,0.9,0.816496580927726
1,"var_roc_mean_mag","SVM","Open","Foil","abel",0.5,1,0,0.666666666666667,0.5,0
1,"var_roc_mean_mag","SVM","Open","Foil","collin",0.6,1,0.2,0.714285714285714,0.6,0.333333333333333
1,"var_roc_mean_mag","SVM","Open","Foil","ivan",0.6,1,0.2,0.714285714285714,0.6,0.333333333333333
1,"var_roc_mean_mag","SVM","Open","Foil","kenny",0.5,1,0,0.666666666666667,0.5,0
1,"var_roc_mean_mag","SVM","Open","Foil","matthew",0.5,1,0,0.666666666666667,0.5,0
1,"var_roc_mean_mag","SVM","Open","No Foil","abel",1,1,1,1,1,1
1,"var_roc_mean_mag","SVM","Open","No Foil","collin",1,1,1,1,1,1
1,"var_roc_mean_mag","SVM","Open","No Foil","ivan",0.5,1,0,0.666666666666667,0.5,0
1,"var_roc_mean_mag","SVM","Open","No Foil","kenny",0.6,1,0.2,0.714285714285714,0.6,0.333333333333333
1,"var_roc_mean_mag","SVM","Open","No Foil","matthew",0.8,1,0.6,0.833333333333333,0.8,0.654653670707977
1,"var_roc_mean_mag","SVM","Foil","Open","abel",0.5,0,1,NA,0.5,0
1,"var_roc_mean_mag","SVM","Foil","Open","collin",0.5,0,1,NA,0.5,0
1,"var_roc_mean_mag","SVM","Foil","Open","ivan",0.5,0,1,NA,0.5,0
1,"var_roc_mean_mag","SVM","Foil","Open","kenny",0.5,0,1,NA,0.5,0
1,"var_roc_mean_mag","SVM","Foil","Open","matthew",0.5,0,1,NA,0.5,0
1,"var_roc_mean_mag","SVM","Foil","Foil","abel",0.6,1,0.2,0.714285714285714,0.6,0.333333333333333
1,"var_roc_mean_mag","SVM","Foil","Foil","collin",0.9,0.8,1,0.888888888888889,0.9,0.816496580927726
1,"var_roc_mean_mag","SVM","Foil","Foil","ivan",0.6,0.2,1,0.333333333333333,0.6,0.333333333333333
1,"var_roc_mean_mag","SVM","Foil","Foil","kenny",0.9,0.8,1,0.888888888888889,0.9,0.816496580927726
1,"var_roc_mean_mag","SVM","Foil","Foil","matthew",1,1,1,1,1,1
1,"var_roc_mean_mag","SVM","Foil","No Foil","abel",0.5,0,1,NA,0.5,0
1,"var_roc_mean_mag","SVM","Foil","No Foil","collin",0.5,0,1,NA,0.5,0
1,"var_roc_mean_mag","SVM","Foil","No Foil","ivan",0.5,0,1,NA,0.5,0
1,"var_roc_mean_mag","SVM","Foil","No Foil","kenny",0.5,0,1,NA,0.5,0
1,"var_roc_mean_mag","SVM","Foil","No Foil","matthew",0.5,0,1,NA,0.5,0
1,"var_roc_mean_mag","SVM","No Foil","Open","abel",0.5,0,1,NA,0.5,0
1,"var_roc_mean_mag","SVM","No Foil","Open","collin",0.5,0,1,NA,0.5,0
1,"var_roc_mean_mag","SVM","No Foil","Open","ivan",0.5,0,1,NA,0.5,0
1,"var_roc_mean_mag","SVM","No Foil","Open","kenny",0.7,0.4,1,0.571428571428572,0.7,0.5
1,"var_roc_mean_mag","SVM","No Foil","Open","matthew",0.5,0,1,NA,0.5,0
1,"var_roc_mean_mag","SVM","No Foil","Foil","abel",0.5,1,0,0.666666666666667,0.5,0
1,"var_roc_mean_mag","SVM","No Foil","Foil","collin",0.8,0.8,0.8,0.8,0.8,0.6
1,"var_roc_mean_mag","SVM","No Foil","Foil","ivan",0.8,1,0.6,0.833333333333333,0.8,0.654653670707977
1,"var_roc_mean_mag","SVM","No Foil","Foil","kenny",0.6,1,0.2,0.714285714285714,0.6,0.333333333333333
1,"var_roc_mean_mag","SVM","No Foil","Foil","matthew",0.5,1,0,0.666666666666667,0.5,0
1,"var_roc_mean_mag","SVM","No Foil","No Foil","abel",0.5,0,1,NA,0.5,0
1,"var_roc_mean_mag","SVM","No Foil","No Foil","collin",0.8,0.6,1,0.75,0.8,0.654653670707977
1,"var_roc_mean_mag","SVM","No Foil","No Foil","ivan",0.5,1,0,0.666666666666667,0.5,0
1,"var_roc_mean_mag","SVM","No Foil","No Foil","kenny",0.8,0.6,1,0.75,0.8,0.654653670707977
1,"var_roc_mean_mag","SVM","No Foil","No Foil","matthew",1,1,1,1,1,1
1,"var_roc_mean_pha","Logistic Regression","Open","Open","abel",1,1,1,1,1,1
1,"var_roc_mean_pha","Logistic Regression","Open","Open","collin",1,1,1,1,1,1
1,"var_roc_mean_pha","Logistic Regression","Open","Open","ivan",1,1,1,1,1,1
1,"var_roc_mean_pha","Logistic Regression","Open","Open","kenny",1,1,1,1,1,1
1,"var_roc_mean_pha","Logistic Regression","Open","Open","matthew",1,1,1,1,1,1
1,"var_roc_mean_pha","Logistic Regression","Open","Foil","abel",0.5,1,0,0.666666666666667,0.5,0
1,"var_roc_mean_pha","Logistic Regression","Open","Foil","collin",0.6,1,0.2,0.714285714285714,0.6,0.333333333333333
1,"var_roc_mean_pha","Logistic Regression","Open","Foil","ivan",0.7,1,0.4,0.769230769230769,0.7,0.5
1,"var_roc_mean_pha","Logistic Regression","Open","Foil","kenny",0.6,1,0.2,0.714285714285714,0.6,0.333333333333333
1,"var_roc_mean_pha","Logistic Regression","Open","Foil","matthew",0.5,1,0,0.666666666666667,0.5,0
1,"var_roc_mean_pha","Logistic Regression","Open","No Foil","abel",1,1,1,1,1,1
1,"var_roc_mean_pha","Logistic Regression","Open","No Foil","collin",0.9,1,0.8,0.909090909090909,0.9,0.816496580927726
1,"var_roc_mean_pha","Logistic Regression","Open","No Foil","ivan",0.5,1,0,0.666666666666667,0.5,0
1,"var_roc_mean_pha","Logistic Regression","Open","No Foil","kenny",0.5,1,0,0.666666666666667,0.5,0
1,"var_roc_mean_pha","Logistic Regression","Open","No Foil","matthew",1,1,1,1,1,1
1,"var_roc_mean_pha","Logistic Regression","Foil","Open","abel",0.5,0,1,NA,0.5,0
1,"var_roc_mean_pha","Logistic Regression","Foil","Open","collin",0.5,0,1,NA,0.5,0
1,"var_roc_mean_pha","Logistic Regression","Foil","Open","ivan",0.5,0,1,NA,0.5,0
1,"var_roc_mean_pha","Logistic Regression","Foil","Open","kenny",0.5,1,0,0.666666666666667,0.5,0
1,"var_roc_mean_pha","Logistic Regression","Foil","Open","matthew",0.5,0,1,NA,0.5,0
1,"var_roc_mean_pha","Logistic Regression","Foil","Foil","abel",1,1,1,1,1,1
1,"var_roc_mean_pha","Logistic Regression","Foil","Foil","collin",0.9,0.8,1,0.888888888888889,0.9,0.816496580927726
1,"var_roc_mean_pha","Logistic Regression","Foil","Foil","ivan",0.5,0,1,NA,0.5,0
1,"var_roc_mean_pha","Logistic Regression","Foil","Foil","kenny",0.5,1,0,0.666666666666667,0.5,0
1,"var_roc_mean_pha","Logistic Regression","Foil","Foil","matthew",0.5,1,0,0.666666666666667,0.5,0
1,"var_roc_mean_pha","Logistic Regression","Foil","No Foil","abel",0.5,0,1,NA,0.5,0
1,"var_roc_mean_pha","Logistic Regression","Foil","No Foil","collin",0.5,0.2,0.8,0.285714285714286,0.5,0
1,"var_roc_mean_pha","Logistic Regression","Foil","No Foil","ivan",0.5,0,1,NA,0.5,0
1,"var_roc_mean_pha","Logistic Regression","Foil","No Foil","kenny",0.5,1,0,0.666666666666667,0.5,0
1,"var_roc_mean_pha","Logistic Regression","Foil","No Foil","matthew",0.5,0,1,NA,0.5,0
1,"var_roc_mean_pha","Logistic Regression","No Foil","Open","abel",0.5,0,1,NA,0.5,0
1,"var_roc_mean_pha","Logistic Regression","No Foil","Open","collin",0.5,0,1,NA,0.5,0
1,"var_roc_mean_pha","Logistic Regression","No Foil","Open","ivan",0.5,0,1,NA,0.5,0
1,"var_roc_mean_pha","Logistic Regression","No Foil","Open","kenny",0.5,0,1,NA,0.5,0
1,"var_roc_mean_pha","Logistic Regression","No Foil","Open","matthew",0.5,0,1,NA,0.5,0
1,"var_roc_mean_pha","Logistic Regression","No Foil","Foil","abel",0.6,1,0.2,0.714285714285714,0.6,0.333333333333333
1,"var_roc_mean_pha","Logistic Regression","No Foil","Foil","collin",0.9,0.8,1,0.888888888888889,0.9,0.816496580927726
1,"var_roc_mean_pha","Logistic Regression","No Foil","Foil","ivan",1,1,1,1,1,1
1,"var_roc_mean_pha","Logistic Regression","No Foil","Foil","kenny",0.6,1,0.2,0.714285714285714,0.6,0.333333333333333
1,"var_roc_mean_pha","Logistic Regression","No Foil","Foil","matthew",0.5,1,0,0.666666666666667,0.5,0
1,"var_roc_mean_pha","Logistic Regression","No Foil","No Foil","abel",0.5,0,1,NA,0.5,0
1,"var_roc_mean_pha","Logistic Regression","No Foil","No Foil","collin",0.6,0.4,0.8,0.5,0.6,0.218217890235992
1,"var_roc_mean_pha","Logistic Regression","No Foil","No Foil","ivan",1,1,1,1,1,1
1,"var_roc_mean_pha","Logistic Regression","No Foil","No Foil","kenny",0.6,1,0.2,0.714285714285714,0.6,0.333333333333333
1,"var_roc_mean_pha","Logistic Regression","No Foil","No Foil","matthew",0.5,0,1,NA,0.5,0
1,"var_roc_mean_pha","Decision Tree","Open","Open","abel",1,1,1,1,1,1
1,"var_roc_mean_pha","Decision Tree","Open","Open","collin",1,1,1,1,1,1
1,"var_roc_mean_pha","Decision Tree","Open","Open","ivan",1,1,1,1,1,1
1,"var_roc_mean_pha","Decision Tree","Open","Open","kenny",1,1,1,1,1,1
1,"var_roc_mean_pha","Decision Tree","Open","Open","matthew",1,1,1,1,1,1
1,"var_roc_mean_pha","Decision Tree","Open","Foil","abel",0.5,1,0,0.666666666666667,0.5,0
1,"var_roc_mean_pha","Decision Tree","Open","Foil","collin",0.6,1,0.2,0.714285714285714,0.6,0.333333333333333
1,"var_roc_mean_pha","Decision Tree","Open","Foil","ivan",0.7,1,0.4,0.769230769230769,0.7,0.5
1,"var_roc_mean_pha","Decision Tree","Open","Foil","kenny",0.6,1,0.2,0.714285714285714,0.6,0.333333333333333
1,"var_roc_mean_pha","Decision Tree","Open","Foil","matthew",0.5,1,0,0.666666666666667,0.5,0
1,"var_roc_mean_pha","Decision Tree","Open","No Foil","abel",1,1,1,1,1,1
1,"var_roc_mean_pha","Decision Tree","Open","No Foil","collin",0.9,1,0.8,0.909090909090909,0.9,0.816496580927726
1,"var_roc_mean_pha","Decision Tree","Open","No Foil","ivan",0.5,1,0,0.666666666666667,0.5,0
1,"var_roc_mean_pha","Decision Tree","Open","No Foil","kenny",0.5,1,0,0.666666666666667,0.5,0
1,"var_roc_mean_pha","Decision Tree","Open","No Foil","matthew",1,1,1,1,1,1
1,"var_roc_mean_pha","Decision Tree","Foil","Open","abel",0.5,0,1,NA,0.5,0
1,"var_roc_mean_pha","Decision Tree","Foil","Open","collin",0.5,0,1,NA,0.5,0
1,"var_roc_mean_pha","Decision Tree","Foil","Open","ivan",0.5,0,1,NA,0.5,0
1,"var_roc_mean_pha","Decision Tree","Foil","Open","kenny",0.5,0,1,NA,0.5,0
1,"var_roc_mean_pha","Decision Tree","Foil","Open","matthew",0.5,0,1,NA,0.5,0
1,"var_roc_mean_pha","Decision Tree","Foil","Foil","abel",0.6,1,0.2,0.714285714285714,0.6,0.333333333333333
1,"var_roc_mean_pha","Decision Tree","Foil","Foil","collin",0.9,0.8,1,0.888888888888889,0.9,0.816496580927726
1,"var_roc_mean_pha","Decision Tree","Foil","Foil","ivan",0.5,0,1,NA,0.5,0
1,"var_roc_mean_pha","Decision Tree","Foil","Foil","kenny",0.9,0.8,1,0.888888888888889,0.9,0.816496580927726
1,"var_roc_mean_pha","Decision Tree","Foil","Foil","matthew",0.6,1,0.2,0.714285714285714,0.6,0.333333333333333
1,"var_roc_mean_pha","Decision Tree","Foil","No Foil","abel",0.5,0,1,NA,0.5,0
1,"var_roc_mean_pha","Decision Tree","Foil","No Foil","collin",0.6,0.2,1,0.333333333333333,0.6,0.333333333333333
1,"var_roc_mean_pha","Decision Tree","Foil","No Foil","ivan",0.5,0,1,NA,0.5,0
1,"var_roc_mean_pha","Decision Tree","Foil","No Foil","kenny",0.6,0.2,1,0.333333333333333,0.6,0.333333333333333
1,"var_roc_mean_pha","Decision Tree","Foil","No Foil","matthew",0.5,0,1,NA,0.5,0
1,"var_roc_mean_pha","Decision Tree","No Foil","Open","abel",0.5,0,1,NA,0.5,0
1,"var_roc_mean_pha","Decision Tree","No Foil","Open","collin",0.5,0,1,NA,0.5,0
1,"var_roc_mean_pha","Decision Tree","No Foil","Open","ivan",1,1,1,1,1,1
1,"var_roc_mean_pha","Decision Tree","No Foil","Open","kenny",1,1,1,1,1,1
1,"var_roc_mean_pha","Decision Tree","No Foil","Open","matthew",0.5,0,1,NA,0.5,0
1,"var_roc_mean_pha","Decision Tree","No Foil","Foil","abel",0.5,1,0,0.666666666666667,0.5,0
1,"var_roc_mean_pha","Decision Tree","No Foil","Foil","collin",1,1,1,1,1,1
1,"var_roc_mean_pha","Decision Tree","No Foil","Foil","ivan",0.7,1,0.4,0.769230769230769,0.7,0.5
1,"var_roc_mean_pha","Decision Tree","No Foil","Foil","kenny",0.6,1,0.2,0.714285714285714,0.6,0.333333333333333
1,"var_roc_mean_pha","Decision Tree","No Foil","Foil","matthew",0.5,1,0,0.666666666666667,0.5,0
1,"var_roc_mean_pha","Decision Tree","No Foil","No Foil","abel",0.5,0,1,NA,0.5,0
1,"var_roc_mean_pha","Decision Tree","No Foil","No Foil","collin",0.6,0.4,0.8,0.5,0.6,0.218217890235992
1,"var_roc_mean_pha","Decision Tree","No Foil","No Foil","ivan",0.5,1,0,0.666666666666667,0.5,0
1,"var_roc_mean_pha","Decision Tree","No Foil","No Foil","kenny",0.5,1,0,0.666666666666667,0.5,0
1,"var_roc_mean_pha","Decision Tree","No Foil","No Foil","matthew",0.5,0,1,NA,0.5,0
1,"var_roc_mean_pha","Random Forest","Open","Open","abel",1,1,1,1,1,1
1,"var_roc_mean_pha","Random Forest","Open","Open","collin",1,1,1,1,1,1
1,"var_roc_mean_pha","Random Forest","Open","Open","ivan",1,1,1,1,1,1
1,"var_roc_mean_pha","Random Forest","Open","Open","kenny",1,1,1,1,1,1
1,"var_roc_mean_pha","Random Forest","Open","Open","matthew",1,1,1,1,1,1
1,"var_roc_mean_pha","Random Forest","Open","Foil","abel",0.5,1,0,0.666666666666667,0.5,0
1,"var_roc_mean_pha","Random Forest","Open","Foil","collin",0.6,1,0.2,0.714285714285714,0.6,0.333333333333333
1,"var_roc_mean_pha","Random Forest","Open","Foil","ivan",0.7,1,0.4,0.769230769230769,0.7,0.5
1,"var_roc_mean_pha","Random Forest","Open","Foil","kenny",0.6,1,0.2,0.714285714285714,0.6,0.333333333333333
1,"var_roc_mean_pha","Random Forest","Open","Foil","matthew",0.5,1,0,0.666666666666667,0.5,0
1,"var_roc_mean_pha","Random Forest","Open","No Foil","abel",1,1,1,1,1,1
1,"var_roc_mean_pha","Random Forest","Open","No Foil","collin",0.9,1,0.8,0.909090909090909,0.9,0.816496580927726
1,"var_roc_mean_pha","Random Forest","Open","No Foil","ivan",0.5,1,0,0.666666666666667,0.5,0
1,"var_roc_mean_pha","Random Forest","Open","No Foil","kenny",0.5,1,0,0.666666666666667,0.5,0
1,"var_roc_mean_pha","Random Forest","Open","No Foil","matthew",1,1,1,1,1,1
1,"var_roc_mean_pha","Random Forest","Foil","Open","abel",0.5,0,1,NA,0.5,0
1,"var_roc_mean_pha","Random Forest","Foil","Open","collin",0.5,0,1,NA,0.5,0
1,"var_roc_mean_pha","Random Forest","Foil","Open","ivan",0.5,0,1,NA,0.5,0
1,"var_roc_mean_pha","Random Forest","Foil","Open","kenny",0.5,0,1,NA,0.5,0
1,"var_roc_mean_pha","Random Forest","Foil","Open","matthew",0.5,0,1,NA,0.5,0
1,"var_roc_mean_pha","Random Forest","Foil","Foil","abel",0.9,1,0.8,0.909090909090909,0.9,0.816496580927726
1,"var_roc_mean_pha","Random Forest","Foil","Foil","collin",0.9,0.8,1,0.888888888888889,0.9,0.816496580927726
1,"var_roc_mean_pha","Random Forest","Foil","Foil","ivan",0.6,0.2,1,0.333333333333333,0.6,0.333333333333333
1,"var_roc_mean_pha","Random Forest","Foil","Foil","kenny",0.9,1,0.8,0.909090909090909,0.9,0.816496580927726
1,"var_roc_mean_pha","Random Forest","Foil","Foil","matthew",0.6,1,0.2,0.714285714285714,0.6,0.333333333333333
1,"var_roc_mean_pha","Random Forest","Foil","No Foil","abel",0.5,0,1,NA,0.5,0
1,"var_roc_mean_pha","Random Forest","Foil","No Foil","collin",0.7,0.4,1,0.571428571428572,0.7,0.5
1,"var_roc_mean_pha","Random Forest","Foil","No Foil","ivan",0.3,0,0.6,NA,0.3,-0.5
1,"var_roc_mean_pha","Random Forest","Foil","No Foil","kenny",0.6,0.8,0.4,0.666666666666667,0.6,0.218217890235992
1,"var_roc_mean_pha","Random Forest","Foil","No Foil","matthew",0.7,0.4,1,0.571428571428572,0.7,0.5
1,"var_roc_mean_pha","Random Forest","No Foil","Open","abel",0.5,0,1,NA,0.5,0
1,"var_roc_mean_pha","Random Forest","No Foil","Open","collin",0.9,0.8,1,0.888888888888889,0.9,0.816496580927726
1,"var_roc_mean_pha","Random Forest","No Foil","Open","ivan",1,1,1,1,1,1
1,"var_roc_mean_pha","Random Forest","No Foil","Open","kenny",0.8,0.6,1,0.75,0.8,0.654653670707977
1,"var_roc_mean_pha","Random Forest","No Foil","Open","matthew",0.9,0.8,1,0.888888888888889,0.9,0.816496580927726
1,"var_roc_mean_pha","Random Forest","No Foil","Foil","abel",0.6,1,0.2,0.714285714285714,0.6,0.333333333333333
1,"var_roc_mean_pha","Random Forest","No Foil","Foil","collin",0.8,1,0.6,0.833333333333333,0.8,0.654653670707977
1,"var_roc_mean_pha","Random Forest","No Foil","Foil","ivan",0.5,0.6,0.4,0.545454545454545,0.5,0
1,"var_roc_mean_pha","Random Forest","No Foil","Foil","kenny",0.4,0.6,0.2,0.5,0.4,-0.218217890235992
1,"var_roc_mean_pha","Random Forest","No Foil","Foil","matthew",0.9,1,0.8,0.909090909090909,0.9,0.816496580927726
1,"var_roc_mean_pha","Random Forest","No Foil","No Foil","abel",0.5,0,1,NA,0.5,0
1,"var_roc_mean_pha","Random Forest","No Foil","No Foil","collin",0.7,0.4,1,0.571428571428572,0.7,0.5
1,"var_roc_mean_pha","Random Forest","No Foil","No Foil","ivan",0.4,0.8,0,0.571428571428571,0.4,-0.333333333333333
1,"var_roc_mean_pha","Random Forest","No Foil","No Foil","kenny",0.6,0.8,0.4,0.666666666666667,0.6,0.218217890235992
1,"var_roc_mean_pha","Random Forest","No Foil","No Foil","matthew",0.2,0,0.4,NA,0.2,-0.654653670707977
1,"var_roc_mean_pha","SVM","Open","Open","abel",1,1,1,1,1,1
1,"var_roc_mean_pha","SVM","Open","Open","collin",1,1,1,1,1,1
1,"var_roc_mean_pha","SVM","Open","Open","ivan",1,1,1,1,1,1
1,"var_roc_mean_pha","SVM","Open","Open","kenny",1,1,1,1,1,1
1,"var_roc_mean_pha","SVM","Open","Open","matthew",1,1,1,1,1,1
1,"var_roc_mean_pha","SVM","Open","Foil","abel",0.5,1,0,0.666666666666667,0.5,0
1,"var_roc_mean_pha","SVM","Open","Foil","collin",0.6,1,0.2,0.714285714285714,0.6,0.333333333333333
1,"var_roc_mean_pha","SVM","Open","Foil","ivan",0.7,1,0.4,0.769230769230769,0.7,0.5
1,"var_roc_mean_pha","SVM","Open","Foil","kenny",0.6,1,0.2,0.714285714285714,0.6,0.333333333333333
1,"var_roc_mean_pha","SVM","Open","Foil","matthew",0.5,1,0,0.666666666666667,0.5,0
1,"var_roc_mean_pha","SVM","Open","No Foil","abel",0.9,0.8,1,0.888888888888889,0.9,0.816496580927726
1,"var_roc_mean_pha","SVM","Open","No Foil","collin",0.9,1,0.8,0.909090909090909,0.9,0.816496580927726
1,"var_roc_mean_pha","SVM","Open","No Foil","ivan",0.5,1,0,0.666666666666667,0.5,0
1,"var_roc_mean_pha","SVM","Open","No Foil","kenny",0.5,1,0,0.666666666666667,0.5,0
1,"var_roc_mean_pha","SVM","Open","No Foil","matthew",1,1,1,1,1,1
1,"var_roc_mean_pha","SVM","Foil","Open","abel",0.5,0,1,NA,0.5,0
1,"var_roc_mean_pha","SVM","Foil","Open","collin",0.5,0,1,NA,0.5,0
1,"var_roc_mean_pha","SVM","Foil","Open","ivan",0.5,0,1,NA,0.5,0
1,"var_roc_mean_pha","SVM","Foil","Open","kenny",0.5,1,0,0.666666666666667,0.5,0
1,"var_roc_mean_pha","SVM","Foil","Open","matthew",0.5,1,0,0.666666666666667,0.5,0
1,"var_roc_mean_pha","SVM","Foil","Foil","abel",1,1,1,1,1,1
1,"var_roc_mean_pha","SVM","Foil","Foil","collin",0.9,0.8,1,0.888888888888889,0.9,0.816496580927726
1,"var_roc_mean_pha","SVM","Foil","Foil","ivan",0.5,0,1,NA,0.5,0
1,"var_roc_mean_pha","SVM","Foil","Foil","kenny",0.5,1,0,0.666666666666667,0.5,0
1,"var_roc_mean_pha","SVM","Foil","Foil","matthew",0.5,1,0,0.666666666666667,0.5,0
1,"var_roc_mean_pha","SVM","Foil","No Foil","abel",0.5,0,1,NA,0.5,0
1,"var_roc_mean_pha","SVM","Foil","No Foil","collin",0.6,0.2,1,0.333333333333333,0.6,0.333333333333333
1,"var_roc_mean_pha","SVM","Foil","No Foil","ivan",0.5,0,1,NA,0.5,0
1,"var_roc_mean_pha","SVM","Foil","No Foil","kenny",0.5,1,0,0.666666666666667,0.5,0
1,"var_roc_mean_pha","SVM","Foil","No Foil","matthew",0.5,1,0,0.666666666666667,0.5,0
1,"var_roc_mean_pha","SVM","No Foil","Open","abel",0.5,0,1,NA,0.5,0
1,"var_roc_mean_pha","SVM","No Foil","Open","collin",0.5,0,1,NA,0.5,0
1,"var_roc_mean_pha","SVM","No Foil","Open","ivan",0.5,0,1,NA,0.5,0
1,"var_roc_mean_pha","SVM","No Foil","Open","kenny",0.5,0,1,NA,0.5,0
1,"var_roc_mean_pha","SVM","No Foil","Open","matthew",0.5,0,1,NA,0.5,0
1,"var_roc_mean_pha","SVM","No Foil","Foil","abel",0.5,1,0,0.666666666666667,0.5,0
1,"var_roc_mean_pha","SVM","No Foil","Foil","collin",1,1,1,1,1,1
1,"var_roc_mean_pha","SVM","No Foil","Foil","ivan",1,1,1,1,1,1
1,"var_roc_mean_pha","SVM","No Foil","Foil","kenny",0.6,1,0.2,0.714285714285714,0.6,0.333333333333333
1,"var_roc_mean_pha","SVM","No Foil","Foil","matthew",0.5,1,0,0.666666666666667,0.5,0
1,"var_roc_mean_pha","SVM","No Foil","No Foil","abel",0.5,0,1,NA,0.5,0
1,"var_roc_mean_pha","SVM","No Foil","No Foil","collin",0.6,0.4,0.8,0.5,0.6,0.218217890235992
1,"var_roc_mean_pha","SVM","No Foil","No Foil","ivan",0.9,1,0.8,0.909090909090909,0.9,0.816496580927726
1,"var_roc_mean_pha","SVM","No Foil","No Foil","kenny",0.5,1,0,0.666666666666667,0.5,0
1,"var_roc_mean_pha","SVM","No Foil","No Foil","matthew",0.5,0,1,NA,0.5,0
1,"var_roc_std_mag","Logistic Regression","Open","Open","abel",1,1,1,1,1,1
1,"var_roc_std_mag","Logistic Regression","Open","Open","collin",1,1,1,1,1,1
1,"var_roc_std_mag","Logistic Regression","Open","Open","ivan",1,1,1,1,1,1
1,"var_roc_std_mag","Logistic Regression","Open","Open","kenny",1,1,1,1,1,1
1,"var_roc_std_mag","Logistic Regression","Open","Open","matthew",0.9,0.8,1,0.888888888888889,0.9,0.816496580927726
1,"var_roc_std_mag","Logistic Regression","Open","Foil","abel",0.5,1,0,0.666666666666667,0.5,0
1,"var_roc_std_mag","Logistic Regression","Open","Foil","collin",0.6,1,0.2,0.714285714285714,0.6,0.333333333333333
1,"var_roc_std_mag","Logistic Regression","Open","Foil","ivan",0.5,1,0,0.666666666666667,0.5,0
1,"var_roc_std_mag","Logistic Regression","Open","Foil","kenny",0.5,1,0,0.666666666666667,0.5,0
1,"var_roc_std_mag","Logistic Regression","Open","Foil","matthew",0.5,1,0,0.666666666666667,0.5,0
1,"var_roc_std_mag","Logistic Regression","Open","No Foil","abel",1,1,1,1,1,1
1,"var_roc_std_mag","Logistic Regression","Open","No Foil","collin",0.9,1,0.8,0.909090909090909,0.9,0.816496580927726
1,"var_roc_std_mag","Logistic Regression","Open","No Foil","ivan",0.5,1,0,0.666666666666667,0.5,0
1,"var_roc_std_mag","Logistic Regression","Open","No Foil","kenny",0.6,1,0.2,0.714285714285714,0.6,0.333333333333333
1,"var_roc_std_mag","Logistic Regression","Open","No Foil","matthew",0.7,1,0.4,0.769230769230769,0.7,0.5
1,"var_roc_std_mag","Logistic Regression","Foil","Open","abel",0.5,0,1,NA,0.5,0
1,"var_roc_std_mag","Logistic Regression","Foil","Open","collin",0.5,0,1,NA,0.5,0
1,"var_roc_std_mag","Logistic Regression","Foil","Open","ivan",0.5,0,1,NA,0.5,0
1,"var_roc_std_mag","Logistic Regression","Foil","Open","kenny",0.5,0,1,NA,0.5,0
1,"var_roc_std_mag","Logistic Regression","Foil","Open","matthew",0.5,0,1,NA,0.5,0
1,"var_roc_std_mag","Logistic Regression","Foil","Foil","abel",0.9,1,0.8,0.909090909090909,0.9,0.816496580927726
1,"var_roc_std_mag","Logistic Regression","Foil","Foil","collin",0.9,0.8,1,0.888888888888889,0.9,0.816496580927726
1,"var_roc_std_mag","Logistic Regression","Foil","Foil","ivan",1,1,1,1,1,1
1,"var_roc_std_mag","Logistic Regression","Foil","Foil","kenny",1,1,1,1,1,1
1,"var_roc_std_mag","Logistic Regression","Foil","Foil","matthew",1,1,1,1,1,1
1,"var_roc_std_mag","Logistic Regression","Foil","No Foil","abel",0.5,0,1,NA,0.5,0
1,"var_roc_std_mag","Logistic Regression","Foil","No Foil","collin",0.5,0,1,NA,0.5,0
1,"var_roc_std_mag","Logistic Regression","Foil","No Foil","ivan",0.6,0.2,1,0.333333333333333,0.6,0.333333333333333
1,"var_roc_std_mag","Logistic Regression","Foil","No Foil","kenny",0.7,0.4,1,0.571428571428572,0.7,0.5
1,"var_roc_std_mag","Logistic Regression","Foil","No Foil","matthew",0.5,0,1,NA,0.5,0
1,"var_roc_std_mag","Logistic Regression","No Foil","Open","abel",0.5,0,1,NA,0.5,0
1,"var_roc_std_mag","Logistic Regression","No Foil","Open","collin",0.5,0,1,NA,0.5,0
1,"var_roc_std_mag","Logistic Regression","No Foil","Open","ivan",0.5,0,1,NA,0.5,0
1,"var_roc_std_mag","Logistic Regression","No Foil","Open","kenny",0.6,0.2,1,0.333333333333333,0.6,0.333333333333333
1,"var_roc_std_mag","Logistic Regression","No Foil","Open","matthew",0.5,0,1,NA,0.5,0
1,"var_roc_std_mag","Logistic Regression","No Foil","Foil","abel",0.5,1,0,0.666666666666667,0.5,0
1,"var_roc_std_mag","Logistic Regression","No Foil","Foil","collin",0.8,0.8,0.8,0.8,0.8,0.6
1,"var_roc_std_mag","Logistic Regression","No Foil","Foil","ivan",0.7,1,0.4,0.769230769230769,0.7,0.5
1,"var_roc_std_mag","Logistic Regression","No Foil","Foil","kenny",0.5,1,0,0.666666666666667,0.5,0
1,"var_roc_std_mag","Logistic Regression","No Foil","Foil","matthew",0.5,1,0,0.666666666666667,0.5,0
1,"var_roc_std_mag","Logistic Regression","No Foil","No Foil","abel",0.5,0,1,NA,0.5,0
1,"var_roc_std_mag","Logistic Regression","No Foil","No Foil","collin",0.5,0,1,NA,0.5,0
1,"var_roc_std_mag","Logistic Regression","No Foil","No Foil","ivan",0.5,1,0,0.666666666666667,0.5,0
1,"var_roc_std_mag","Logistic Regression","No Foil","No Foil","kenny",0.6,0.8,0.4,0.666666666666667,0.6,0.218217890235992
1,"var_roc_std_mag","Logistic Regression","No Foil","No Foil","matthew",0.9,0.8,1,0.888888888888889,0.9,0.816496580927726
1,"var_roc_std_mag","Decision Tree","Open","Open","abel",1,1,1,1,1,1
1,"var_roc_std_mag","Decision Tree","Open","Open","collin",1,1,1,1,1,1
1,"var_roc_std_mag","Decision Tree","Open","Open","ivan",1,1,1,1,1,1
1,"var_roc_std_mag","Decision Tree","Open","Open","kenny",1,1,1,1,1,1
1,"var_roc_std_mag","Decision Tree","Open","Open","matthew",0.9,0.8,1,0.888888888888889,0.9,0.816496580927726
1,"var_roc_std_mag","Decision Tree","Open","Foil","abel",0.5,1,0,0.666666666666667,0.5,0
1,"var_roc_std_mag","Decision Tree","Open","Foil","collin",0.6,1,0.2,0.714285714285714,0.6,0.333333333333333
1,"var_roc_std_mag","Decision Tree","Open","Foil","ivan",0.5,1,0,0.666666666666667,0.5,0
1,"var_roc_std_mag","Decision Tree","Open","Foil","kenny",0.5,1,0,0.666666666666667,0.5,0
1,"var_roc_std_mag","Decision Tree","Open","Foil","matthew",0.5,1,0,0.666666666666667,0.5,0
1,"var_roc_std_mag","Decision Tree","Open","No Foil","abel",1,1,1,1,1,1
1,"var_roc_std_mag","Decision Tree","Open","No Foil","collin",0.9,1,0.8,0.909090909090909,0.9,0.816496580927726
1,"var_roc_std_mag","Decision Tree","Open","No Foil","ivan",0.5,1,0,0.666666666666667,0.5,0
1,"var_roc_std_mag","Decision Tree","Open","No Foil","kenny",0.6,1,0.2,0.714285714285714,0.6,0.333333333333333
1,"var_roc_std_mag","Decision Tree","Open","No Foil","matthew",0.7,1,0.4,0.769230769230769,0.7,0.5
1,"var_roc_std_mag","Decision Tree","Foil","Open","abel",0.5,0,1,NA,0.5,0
1,"var_roc_std_mag","Decision Tree","Foil","Open","collin",0.5,0,1,NA,0.5,0
1,"var_roc_std_mag","Decision Tree","Foil","Open","ivan",0.5,0,1,NA,0.5,0
1,"var_roc_std_mag","Decision Tree","Foil","Open","kenny",0.5,0,1,NA,0.5,0
1,"var_roc_std_mag","Decision Tree","Foil","Open","matthew",0.5,0,1,NA,0.5,0
1,"var_roc_std_mag","Decision Tree","Foil","Foil","abel",1,1,1,1,1,1
1,"var_roc_std_mag","Decision Tree","Foil","Foil","collin",0.9,0.8,1,0.888888888888889,0.9,0.816496580927726
1,"var_roc_std_mag","Decision Tree","Foil","Foil","ivan",1,1,1,1,1,1
1,"var_roc_std_mag","Decision Tree","Foil","Foil","kenny",1,1,1,1,1,1
1,"var_roc_std_mag","Decision Tree","Foil","Foil","matthew",1,1,1,1,1,1
1,"var_roc_std_mag","Decision Tree","Foil","No Foil","abel",0.5,0,1,NA,0.5,0
1,"var_roc_std_mag","Decision Tree","Foil","No Foil","collin",0.5,0,1,NA,0.5,0
1,"var_roc_std_mag","Decision Tree","Foil","No Foil","ivan",0.6,0.2,1,0.333333333333333,0.6,0.333333333333333
1,"var_roc_std_mag","Decision Tree","Foil","No Foil","kenny",0.7,0.4,1,0.571428571428572,0.7,0.5
1,"var_roc_std_mag","Decision Tree","Foil","No Foil","matthew",0.5,0,1,NA,0.5,0
1,"var_roc_std_mag","Decision Tree","No Foil","Open","abel",1,1,1,1,1,1
1,"var_roc_std_mag","Decision Tree","No Foil","Open","collin",0.8,0.6,1,0.75,0.8,0.654653670707977
1,"var_roc_std_mag","Decision Tree","No Foil","Open","ivan",1,1,1,1,1,1
1,"var_roc_std_mag","Decision Tree","No Foil","Open","kenny",1,1,1,1,1,1
1,"var_roc_std_mag","Decision Tree","No Foil","Open","matthew",1,1,1,1,1,1
1,"var_roc_std_mag","Decision Tree","No Foil","Foil","abel",0.5,1,0,0.666666666666667,0.5,0
1,"var_roc_std_mag","Decision Tree","No Foil","Foil","collin",0.9,1,0.8,0.909090909090909,0.9,0.816496580927726
1,"var_roc_std_mag","Decision Tree","No Foil","Foil","ivan",0.5,1,0,0.666666666666667,0.5,0
1,"var_roc_std_mag","Decision Tree","No Foil","Foil","kenny",0.5,1,0,0.666666666666667,0.5,0
1,"var_roc_std_mag","Decision Tree","No Foil","Foil","matthew",0.5,1,0,0.666666666666667,0.5,0
1,"var_roc_std_mag","Decision Tree","No Foil","No Foil","abel",0.7,0.4,1,0.571428571428572,0.7,0.5
1,"var_roc_std_mag","Decision Tree","No Foil","No Foil","collin",0.7,0.4,1,0.571428571428572,0.7,0.5
1,"var_roc_std_mag","Decision Tree","No Foil","No Foil","ivan",0.5,1,0,0.666666666666667,0.5,0
1,"var_roc_std_mag","Decision Tree","No Foil","No Foil","kenny",0.6,1,0.2,0.714285714285714,0.6,0.333333333333333
1,"var_roc_std_mag","Decision Tree","No Foil","No Foil","matthew",0.7,0.8,0.6,0.727272727272727,0.7,0.408248290463863
1,"var_roc_std_mag","Random Forest","Open","Open","abel",1,1,1,1,1,1
1,"var_roc_std_mag","Random Forest","Open","Open","collin",1,1,1,1,1,1
1,"var_roc_std_mag","Random Forest","Open","Open","ivan",1,1,1,1,1,1
1,"var_roc_std_mag","Random Forest","Open","Open","kenny",1,1,1,1,1,1
1,"var_roc_std_mag","Random Forest","Open","Open","matthew",0.9,0.8,1,0.888888888888889,0.9,0.816496580927726
1,"var_roc_std_mag","Random Forest","Open","Foil","abel",0.5,1,0,0.666666666666667,0.5,0
1,"var_roc_std_mag","Random Forest","Open","Foil","collin",0.6,1,0.2,0.714285714285714,0.6,0.333333333333333
1,"var_roc_std_mag","Random Forest","Open","Foil","ivan",0.5,1,0,0.666666666666667,0.5,0
1,"var_roc_std_mag","Random Forest","Open","Foil","kenny",0.5,1,0,0.666666666666667,0.5,0
1,"var_roc_std_mag","Random Forest","Open","Foil","matthew",0.5,1,0,0.666666666666667,0.5,0
1,"var_roc_std_mag","Random Forest","Open","No Foil","abel",1,1,1,1,1,1
1,"var_roc_std_mag","Random Forest","Open","No Foil","collin",0.9,1,0.8,0.909090909090909,0.9,0.816496580927726
1,"var_roc_std_mag","Random Forest","Open","No Foil","ivan",0.5,1,0,0.666666666666667,0.5,0
1,"var_roc_std_mag","Random Forest","Open","No Foil","kenny",0.6,1,0.2,0.714285714285714,0.6,0.333333333333333
1,"var_roc_std_mag","Random Forest","Open","No Foil","matthew",0.7,1,0.4,0.769230769230769,0.7,0.5
1,"var_roc_std_mag","Random Forest","Foil","Open","abel",0.9,0.8,1,0.888888888888889,0.9,0.816496580927726
1,"var_roc_std_mag","Random Forest","Foil","Open","collin",0.5,0,1,NA,0.5,0
1,"var_roc_std_mag","Random Forest","Foil","Open","ivan",0.8,0.6,1,0.75,0.8,0.654653670707977
1,"var_roc_std_mag","Random Forest","Foil","Open","kenny",0.6,0.2,1,0.333333333333333,0.6,0.333333333333333
1,"var_roc_std_mag","Random Forest","Foil","Open","matthew",0.7,0.4,1,0.571428571428572,0.7,0.5
1,"var_roc_std_mag","Random Forest","Foil","Foil","abel",1,1,1,1,1,1
1,"var_roc_std_mag","Random Forest","Foil","Foil","collin",0.9,0.8,1,0.888888888888889,0.9,0.816496580927726
1,"var_roc_std_mag","Random Forest","Foil","Foil","ivan",1,1,1,1,1,1
1,"var_roc_std_mag","Random Forest","Foil","Foil","kenny",0.7,0.4,1,0.571428571428572,0.7,0.5
1,"var_roc_std_mag","Random Forest","Foil","Foil","matthew",1,1,1,1,1,1
1,"var_roc_std_mag","Random Forest","Foil","No Foil","abel",0.5,0,1,NA,0.5,0
1,"var_roc_std_mag","Random Forest","Foil","No Foil","collin",0.5,0,1,NA,0.5,0
1,"var_roc_std_mag","Random Forest","Foil","No Foil","ivan",0.6,0.2,1,0.333333333333333,0.6,0.333333333333333
1,"var_roc_std_mag","Random Forest","Foil","No Foil","kenny",0.8,0.6,1,0.75,0.8,0.654653670707977
1,"var_roc_std_mag","Random Forest","Foil","No Foil","matthew",0.5,0,1,NA,0.5,0
1,"var_roc_std_mag","Random Forest","No Foil","Open","abel",0.7,0.4,1,0.571428571428572,0.7,0.5
1,"var_roc_std_mag","Random Forest","No Foil","Open","collin",0.8,0.6,1,0.75,0.8,0.654653670707977
1,"var_roc_std_mag","Random Forest","No Foil","Open","ivan",0.6,0.2,1,0.333333333333333,0.6,0.333333333333333
1,"var_roc_std_mag","Random Forest","No Foil","Open","kenny",0.6,0.2,1,0.333333333333333,0.6,0.333333333333333
1,"var_roc_std_mag","Random Forest","No Foil","Open","matthew",1,1,1,1,1,1
1,"var_roc_std_mag","Random Forest","No Foil","Foil","abel",0.5,1,0,0.666666666666667,0.5,0
1,"var_roc_std_mag","Random Forest","No Foil","Foil","collin",0.8,0.8,0.8,0.8,0.8,0.6
1,"var_roc_std_mag","Random Forest","No Foil","Foil","ivan",0.7,1,0.4,0.769230769230769,0.7,0.5
1,"var_roc_std_mag","Random Forest","No Foil","Foil","kenny",0.9,1,0.8,0.909090909090909,0.9,0.816496580927726
1,"var_roc_std_mag","Random Forest","No Foil","Foil","matthew",0.5,1,0,0.666666666666667,0.5,0
1,"var_roc_std_mag","Random Forest","No Foil","No Foil","abel",0.7,0.4,1,0.571428571428572,0.7,0.5
1,"var_roc_std_mag","Random Forest","No Foil","No Foil","collin",0.8,0.6,1,0.75,0.8,0.654653670707977
1,"var_roc_std_mag","Random Forest","No Foil","No Foil","ivan",0.5,1,0,0.666666666666667,0.5,0
1,"var_roc_std_mag","Random Forest","No Foil","No Foil","kenny",0.6,0.8,0.4,0.666666666666667,0.6,0.218217890235992
1,"var_roc_std_mag","Random Forest","No Foil","No Foil","matthew",0.6,0.8,0.4,0.666666666666667,0.6,0.218217890235992
1,"var_roc_std_mag","SVM","Open","Open","abel",1,1,1,1,1,1
1,"var_roc_std_mag","SVM","Open","Open","collin",1,1,1,1,1,1
1,"var_roc_std_mag","SVM","Open","Open","ivan",1,1,1,1,1,1
1,"var_roc_std_mag","SVM","Open","Open","kenny",1,1,1,1,1,1
1,"var_roc_std_mag","SVM","Open","Open","matthew",0.9,0.8,1,0.888888888888889,0.9,0.816496580927726
1,"var_roc_std_mag","SVM","Open","Foil","abel",0.5,1,0,0.666666666666667,0.5,0
1,"var_roc_std_mag","SVM","Open","Foil","collin",0.7,1,0.4,0.769230769230769,0.7,0.5
1,"var_roc_std_mag","SVM","Open","Foil","ivan",0.5,1,0,0.666666666666667,0.5,0
1,"var_roc_std_mag","SVM","Open","Foil","kenny",0.5,1,0,0.666666666666667,0.5,0
1,"var_roc_std_mag","SVM","Open","Foil","matthew",0.5,1,0,0.666666666666667,0.5,0
1,"var_roc_std_mag","SVM","Open","No Foil","abel",0.5,0,1,NA,0.5,0
1,"var_roc_std_mag","SVM","Open","No Foil","collin",0.9,0.8,1,0.888888888888889,0.9,0.816496580927726
1,"var_roc_std_mag","SVM","Open","No Foil","ivan",0.5,1,0,0.666666666666667,0.5,0
1,"var_roc_std_mag","SVM","Open","No Foil","kenny",0.6,1,0.2,0.714285714285714,0.6,0.333333333333333
1,"var_roc_std_mag","SVM","Open","No Foil","matthew",0.7,1,0.4,0.769230769230769,0.7,0.5
1,"var_roc_std_mag","SVM","Foil","Open","abel",0.5,0,1,NA,0.5,0
1,"var_roc_std_mag","SVM","Foil","Open","collin",0.5,0,1,NA,0.5,0
1,"var_roc_std_mag","SVM","Foil","Open","ivan",0.5,0,1,NA,0.5,0
1,"var_roc_std_mag","SVM","Foil","Open","kenny",0.5,0,1,NA,0.5,0
1,"var_roc_std_mag","SVM","Foil","Open","matthew",0.5,0,1,NA,0.5,0
1,"var_roc_std_mag","SVM","Foil","Foil","abel",1,1,1,1,1,1
1,"var_roc_std_mag","SVM","Foil","Foil","collin",0.9,0.8,1,0.888888888888889,0.9,0.816496580927726
1,"var_roc_std_mag","SVM","Foil","Foil","ivan",1,1,1,1,1,1
1,"var_roc_std_mag","SVM","Foil","Foil","kenny",1,1,1,1,1,1
1,"var_roc_std_mag","SVM","Foil","Foil","matthew",1,1,1,1,1,1
1,"var_roc_std_mag","SVM","Foil","No Foil","abel",0.5,0,1,NA,0.5,0
1,"var_roc_std_mag","SVM","Foil","No Foil","collin",0.5,0,1,NA,0.5,0
1,"var_roc_std_mag","SVM","Foil","No Foil","ivan",0.6,0.2,1,0.333333333333333,0.6,0.333333333333333
1,"var_roc_std_mag","SVM","Foil","No Foil","kenny",0.7,0.4,1,0.571428571428572,0.7,0.5
1,"var_roc_std_mag","SVM","Foil","No Foil","matthew",0.5,0,1,NA,0.5,0
1,"var_roc_std_mag","SVM","No Foil","Open","abel",0.5,0,1,NA,0.5,0
1,"var_roc_std_mag","SVM","No Foil","Open","collin",0.5,0,1,NA,0.5,0
1,"var_roc_std_mag","SVM","No Foil","Open","ivan",0.5,0,1,NA,0.5,0
1,"var_roc_std_mag","SVM","No Foil","Open","kenny",0.5,0,1,NA,0.5,0
1,"var_roc_std_mag","SVM","No Foil","Open","matthew",0.5,0,1,NA,0.5,0
1,"var_roc_std_mag","SVM","No Foil","Foil","abel",0.5,1,0,0.666666666666667,0.5,0
1,"var_roc_std_mag","SVM","No Foil","Foil","collin",0.9,0.8,1,0.888888888888889,0.9,0.816496580927726
1,"var_roc_std_mag","SVM","No Foil","Foil","ivan",0.7,1,0.4,0.769230769230769,0.7,0.5
1,"var_roc_std_mag","SVM","No Foil","Foil","kenny",0.6,1,0.2,0.714285714285714,0.6,0.333333333333333
1,"var_roc_std_mag","SVM","No Foil","Foil","matthew",0.5,1,0,0.666666666666667,0.5,0
1,"var_roc_std_mag","SVM","No Foil","No Foil","abel",0.5,0,1,NA,0.5,0
1,"var_roc_std_mag","SVM","No Foil","No Foil","collin",0.5,0,1,NA,0.5,0
1,"var_roc_std_mag","SVM","No Foil","No Foil","ivan",0.5,1,0,0.666666666666667,0.5,0
1,"var_roc_std_mag","SVM","No Foil","No Foil","kenny",0.8,0.6,1,0.75,0.8,0.654653670707977
1,"var_roc_std_mag","SVM","No Foil","No Foil","matthew",0.9,0.8,1,0.888888888888889,0.9,0.816496580927726
1,"var_roc_pha_coh","Logistic Regression","Open","Open","abel",1,1,1,1,1,1
1,"var_roc_pha_coh","Logistic Regression","Open","Open","collin",1,1,1,1,1,1
1,"var_roc_pha_coh","Logistic Regression","Open","Open","ivan",1,1,1,1,1,1
1,"var_roc_pha_coh","Logistic Regression","Open","Open","kenny",1,1,1,1,1,1
1,"var_roc_pha_coh","Logistic Regression","Open","Open","matthew",1,1,1,1,1,1
1,"var_roc_pha_coh","Logistic Regression","Open","Foil","abel",0.5,1,0,0.666666666666667,0.5,0
1,"var_roc_pha_coh","Logistic Regression","Open","Foil","collin",0.7,1,0.4,0.769230769230769,0.7,0.5
1,"var_roc_pha_coh","Logistic Regression","Open","Foil","ivan",0.5,1,0,0.666666666666667,0.5,0
1,"var_roc_pha_coh","Logistic Regression","Open","Foil","kenny",0.5,1,0,0.666666666666667,0.5,0
1,"var_roc_pha_coh","Logistic Regression","Open","Foil","matthew",0.5,1,0,0.666666666666667,0.5,0
1,"var_roc_pha_coh","Logistic Regression","Open","No Foil","abel",1,1,1,1,1,1
1,"var_roc_pha_coh","Logistic Regression","Open","No Foil","collin",0.8,1,0.6,0.833333333333333,0.8,0.654653670707977
1,"var_roc_pha_coh","Logistic Regression","Open","No Foil","ivan",0.5,1,0,0.666666666666667,0.5,0
1,"var_roc_pha_coh","Logistic Regression","Open","No Foil","kenny",0.5,1,0,0.666666666666667,0.5,0
1,"var_roc_pha_coh","Logistic Regression","Open","No Foil","matthew",1,1,1,1,1,1
1,"var_roc_pha_coh","Logistic Regression","Foil","Open","abel",0.5,0,1,NA,0.5,0
1,"var_roc_pha_coh","Logistic Regression","Foil","Open","collin",0.5,0,1,NA,0.5,0
1,"var_roc_pha_coh","Logistic Regression","Foil","Open","ivan",0.5,0,1,NA,0.5,0
1,"var_roc_pha_coh","Logistic Regression","Foil","Open","kenny",0.5,1,0,0.666666666666667,0.5,0
1,"var_roc_pha_coh","Logistic Regression","Foil","Open","matthew",0.5,0,1,NA,0.5,0
1,"var_roc_pha_coh","Logistic Regression","Foil","Foil","abel",1,1,1,1,1,1
1,"var_roc_pha_coh","Logistic Regression","Foil","Foil","collin",0.6,0.2,1,0.333333333333333,0.6,0.333333333333333
1,"var_roc_pha_coh","Logistic Regression","Foil","Foil","ivan",1,1,1,1,1,1
1,"var_roc_pha_coh","Logistic Regression","Foil","Foil","kenny",0.5,1,0,0.666666666666667,0.5,0
1,"var_roc_pha_coh","Logistic Regression","Foil","Foil","matthew",0.5,1,0,0.666666666666667,0.5,0
1,"var_roc_pha_coh","Logistic Regression","Foil","No Foil","abel",0.5,0,1,NA,0.5,0
1,"var_roc_pha_coh","Logistic Regression","Foil","No Foil","collin",0.7,0.4,1,0.571428571428572,0.7,0.5
1,"var_roc_pha_coh","Logistic Regression","Foil","No Foil","ivan",1,1,1,1,1,1
1,"var_roc_pha_coh","Logistic Regression","Foil","No Foil","kenny",0.5,1,0,0.666666666666667,0.5,0
1,"var_roc_pha_coh","Logistic Regression","Foil","No Foil","matthew",0.5,0,1,NA,0.5,0
1,"var_roc_pha_coh","Logistic Regression","No Foil","Open","abel",0.5,0,1,NA,0.5,0
1,"var_roc_pha_coh","Logistic Regression","No Foil","Open","collin",0.5,0,1,NA,0.5,0
1,"var_roc_pha_coh","Logistic Regression","No Foil","Open","ivan",0.5,0,1,NA,0.5,0
1,"var_roc_pha_coh","Logistic Regression","No Foil","Open","kenny",0.8,0.6,1,0.75,0.8,0.654653670707977
1,"var_roc_pha_coh","Logistic Regression","No Foil","Open","matthew",0.5,0,1,NA,0.5,0
1,"var_roc_pha_coh","Logistic Regression","No Foil","Foil","abel",0.8,1,0.6,0.833333333333333,0.8,0.654653670707977
1,"var_roc_pha_coh","Logistic Regression","No Foil","Foil","collin",0.9,0.8,1,0.888888888888889,0.9,0.816496580927726
1,"var_roc_pha_coh","Logistic Regression","No Foil","Foil","ivan",1,1,1,1,1,1
1,"var_roc_pha_coh","Logistic Regression","No Foil","Foil","kenny",1,1,1,1,1,1
1,"var_roc_pha_coh","Logistic Regression","No Foil","Foil","matthew",0.5,1,0,0.666666666666667,0.5,0
1,"var_roc_pha_coh","Logistic Regression","No Foil","No Foil","abel",0.5,0,1,NA,0.5,0
1,"var_roc_pha_coh","Logistic Regression","No Foil","No Foil","collin",0.9,0.8,1,0.888888888888889,0.9,0.816496580927726
1,"var_roc_pha_coh","Logistic Regression","No Foil","No Foil","ivan",0.7,1,0.4,0.769230769230769,0.7,0.5
1,"var_roc_pha_coh","Logistic Regression","No Foil","No Foil","kenny",0.7,1,0.4,0.769230769230769,0.7,0.5
1,"var_roc_pha_coh","Logistic Regression","No Foil","No Foil","matthew",0.5,0,1,NA,0.5,0
1,"var_roc_pha_coh","Decision Tree","Open","Open","abel",1,1,1,1,1,1
1,"var_roc_pha_coh","Decision Tree","Open","Open","collin",1,1,1,1,1,1
1,"var_roc_pha_coh","Decision Tree","Open","Open","ivan",1,1,1,1,1,1
1,"var_roc_pha_coh","Decision Tree","Open","Open","kenny",1,1,1,1,1,1
1,"var_roc_pha_coh","Decision Tree","Open","Open","matthew",1,1,1,1,1,1
1,"var_roc_pha_coh","Decision Tree","Open","Foil","abel",0.5,1,0,0.666666666666667,0.5,0
1,"var_roc_pha_coh","Decision Tree","Open","Foil","collin",0.6,1,0.2,0.714285714285714,0.6,0.333333333333333
1,"var_roc_pha_coh","Decision Tree","Open","Foil","ivan",0.5,1,0,0.666666666666667,0.5,0
1,"var_roc_pha_coh","Decision Tree","Open","Foil","kenny",0.5,1,0,0.666666666666667,0.5,0
1,"var_roc_pha_coh","Decision Tree","Open","Foil","matthew",0.5,1,0,0.666666666666667,0.5,0
1,"var_roc_pha_coh","Decision Tree","Open","No Foil","abel",1,1,1,1,1,1
1,"var_roc_pha_coh","Decision Tree","Open","No Foil","collin",0.8,1,0.6,0.833333333333333,0.8,0.654653670707977
1,"var_roc_pha_coh","Decision Tree","Open","No Foil","ivan",0.5,1,0,0.666666666666667,0.5,0
1,"var_roc_pha_coh","Decision Tree","Open","No Foil","kenny",0.5,1,0,0.666666666666667,0.5,0
1,"var_roc_pha_coh","Decision Tree","Open","No Foil","matthew",1,1,1,1,1,1
1,"var_roc_pha_coh","Decision Tree","Foil","Open","abel",0.5,0,1,NA,0.5,0
1,"var_roc_pha_coh","Decision Tree","Foil","Open","collin",0.5,0,1,NA,0.5,0
1,"var_roc_pha_coh","Decision Tree","Foil","Open","ivan",0.5,0,1,NA,0.5,0
1,"var_roc_pha_coh","Decision Tree","Foil","Open","kenny",0.5,0,1,NA,0.5,0
1,"var_roc_pha_coh","Decision Tree","Foil","Open","matthew",0.5,0,1,NA,0.5,0
1,"var_roc_pha_coh","Decision Tree","Foil","Foil","abel",1,1,1,1,1,1
1,"var_roc_pha_coh","Decision Tree","Foil","Foil","collin",0.6,0.2,1,0.333333333333333,0.6,0.333333333333333
1,"var_roc_pha_coh","Decision Tree","Foil","Foil","ivan",1,1,1,1,1,1
1,"var_roc_pha_coh","Decision Tree","Foil","Foil","kenny",1,1,1,1,1,1
1,"var_roc_pha_coh","Decision Tree","Foil","Foil","matthew",0.5,1,0,0.666666666666667,0.5,0
1,"var_roc_pha_coh","Decision Tree","Foil","No Foil","abel",0.5,0,1,NA,0.5,0
1,"var_roc_pha_coh","Decision Tree","Foil","No Foil","collin",0.7,0.4,1,0.571428571428572,0.7,0.5
1,"var_roc_pha_coh","Decision Tree","Foil","No Foil","ivan",1,1,1,1,1,1
1,"var_roc_pha_coh","Decision Tree","Foil","No Foil","kenny",1,1,1,1,1,1
1,"var_roc_pha_coh","Decision Tree","Foil","No Foil","matthew",0.5,0,1,NA,0.5,0
1,"var_roc_pha_coh","Decision Tree","No Foil","Open","abel",0.5,0,1,NA,0.5,0
1,"var_roc_pha_coh","Decision Tree","No Foil","Open","collin",1,1,1,1,1,1
1,"var_roc_pha_coh","Decision Tree","No Foil","Open","ivan",1,1,1,1,1,1
1,"var_roc_pha_coh","Decision Tree","No Foil","Open","kenny",1,1,1,1,1,1
1,"var_roc_pha_coh","Decision Tree","No Foil","Open","matthew",0.5,0,1,NA,0.5,0
1,"var_roc_pha_coh","Decision Tree","No Foil","Foil","abel",0.8,1,0.6,0.833333333333333,0.8,0.654653670707977
1,"var_roc_pha_coh","Decision Tree","No Foil","Foil","collin",0.6,1,0.2,0.714285714285714,0.6,0.333333333333333
1,"var_roc_pha_coh","Decision Tree","No Foil","Foil","ivan",0.5,1,0,0.666666666666667,0.5,0
1,"var_roc_pha_coh","Decision Tree","No Foil","Foil","kenny",0.5,1,0,0.666666666666667,0.5,0
1,"var_roc_pha_coh","Decision Tree","No Foil","Foil","matthew",0.5,1,0,0.666666666666667,0.5,0
1,"var_roc_pha_coh","Decision Tree","No Foil","No Foil","abel",0.5,0,1,NA,0.5,0
1,"var_roc_pha_coh","Decision Tree","No Foil","No Foil","collin",0.7,0.8,0.6,0.727272727272727,0.7,0.408248290463863
1,"var_roc_pha_coh","Decision Tree","No Foil","No Foil","ivan",0.5,1,0,0.666666666666667,0.5,0
1,"var_roc_pha_coh","Decision Tree","No Foil","No Foil","kenny",0.5,1,0,0.666666666666667,0.5,0
1,"var_roc_pha_coh","Decision Tree","No Foil","No Foil","matthew",0.5,0,1,NA,0.5,0
1,"var_roc_pha_coh","Random Forest","Open","Open","abel",1,1,1,1,1,1
1,"var_roc_pha_coh","Random Forest","Open","Open","collin",1,1,1,1,1,1
1,"var_roc_pha_coh","Random Forest","Open","Open","ivan",1,1,1,1,1,1
1,"var_roc_pha_coh","Random Forest","Open","Open","kenny",1,1,1,1,1,1
1,"var_roc_pha_coh","Random Forest","Open","Open","matthew",1,1,1,1,1,1
1,"var_roc_pha_coh","Random Forest","Open","Foil","abel",0.5,1,0,0.666666666666667,0.5,0
1,"var_roc_pha_coh","Random Forest","Open","Foil","collin",0.6,1,0.2,0.714285714285714,0.6,0.333333333333333
1,"var_roc_pha_coh","Random Forest","Open","Foil","ivan",0.5,1,0,0.666666666666667,0.5,0
1,"var_roc_pha_coh","Random Forest","Open","Foil","kenny",0.5,1,0,0.666666666666667,0.5,0
1,"var_roc_pha_coh","Random Forest","Open","Foil","matthew",0.5,1,0,0.666666666666667,0.5,0
1,"var_roc_pha_coh","Random Forest","Open","No Foil","abel",1,1,1,1,1,1
1,"var_roc_pha_coh","Random Forest","Open","No Foil","collin",0.8,1,0.6,0.833333333333333,0.8,0.654653670707977
1,"var_roc_pha_coh","Random Forest","Open","No Foil","ivan",0.5,1,0,0.666666666666667,0.5,0
1,"var_roc_pha_coh","Random Forest","Open","No Foil","kenny",0.5,1,0,0.666666666666667,0.5,0
1,"var_roc_pha_coh","Random Forest","Open","No Foil","matthew",1,1,1,1,1,1
1,"var_roc_pha_coh","Random Forest","Foil","Open","abel",0.6,0.2,1,0.333333333333333,0.6,0.333333333333333
1,"var_roc_pha_coh","Random Forest","Foil","Open","collin",0.5,0,1,NA,0.5,0
1,"var_roc_pha_coh","Random Forest","Foil","Open","ivan",0.7,0.4,1,0.571428571428572,0.7,0.5
1,"var_roc_pha_coh","Random Forest","Foil","Open","kenny",0.5,0,1,NA,0.5,0
1,"var_roc_pha_coh","Random Forest","Foil","Open","matthew",0.6,0.2,1,0.333333333333333,0.6,0.333333333333333
1,"var_roc_pha_coh","Random Forest","Foil","Foil","abel",1,1,1,1,1,1
1,"var_roc_pha_coh","Random Forest","Foil","Foil","collin",0.6,0.2,1,0.333333333333333,0.6,0.333333333333333
1,"var_roc_pha_coh","Random Forest","Foil","Foil","ivan",0.9,0.8,1,0.888888888888889,0.9,0.816496580927726
1,"var_roc_pha_coh","Random Forest","Foil","Foil","kenny",1,1,1,1,1,1
1,"var_roc_pha_coh","Random Forest","Foil","Foil","matthew",0.5,1,0,0.666666666666667,0.5,0
1,"var_roc_pha_coh","Random Forest","Foil","No Foil","abel",0.5,0,1,NA,0.5,0
1,"var_roc_pha_coh","Random Forest","Foil","No Foil","collin",0.7,0.4,1,0.571428571428572,0.7,0.5
1,"var_roc_pha_coh","Random Forest","Foil","No Foil","ivan",0.8,0.6,1,0.75,0.8,0.654653670707977
1,"var_roc_pha_coh","Random Forest","Foil","No Foil","kenny",1,1,1,1,1,1
1,"var_roc_pha_coh","Random Forest","Foil","No Foil","matthew",0.5,0,1,NA,0.5,0
1,"var_roc_pha_coh","Random Forest","No Foil","Open","abel",1,1,1,1,1,1
1,"var_roc_pha_coh","Random Forest","No Foil","Open","collin",0.5,0,1,NA,0.5,0
1,"var_roc_pha_coh","Random Forest","No Foil","Open","ivan",1,1,1,1,1,1
1,"var_roc_pha_coh","Random Forest","No Foil","Open","kenny",0.8,0.6,1,0.75,0.8,0.654653670707977
1,"var_roc_pha_coh","Random Forest","No Foil","Open","matthew",0.9,0.8,1,0.888888888888889,0.9,0.816496580927726
1,"var_roc_pha_coh","Random Forest","No Foil","Foil","abel",0.7,1,0.4,0.769230769230769,0.7,0.5
1,"var_roc_pha_coh","Random Forest","No Foil","Foil","collin",0.6,1,0.2,0.714285714285714,0.6,0.333333333333333
1,"var_roc_pha_coh","Random Forest","No Foil","Foil","ivan",0.6,1,0.2,0.714285714285714,0.6,0.333333333333333
1,"var_roc_pha_coh","Random Forest","No Foil","Foil","kenny",0.9,1,0.8,0.909090909090909,0.9,0.816496580927726
1,"var_roc_pha_coh","Random Forest","No Foil","Foil","matthew",0.5,1,0,0.666666666666667,0.5,0
1,"var_roc_pha_coh","Random Forest","No Foil","No Foil","abel",0.5,0,1,NA,0.5,0
1,"var_roc_pha_coh","Random Forest","No Foil","No Foil","collin",0.7,0.6,0.8,0.666666666666667,0.7,0.408248290463863
1,"var_roc_pha_coh","Random Forest","No Foil","No Foil","ivan",0.9,1,0.8,0.909090909090909,0.9,0.816496580927726
1,"var_roc_pha_coh","Random Forest","No Foil","No Foil","kenny",0.9,1,0.8,0.909090909090909,0.9,0.816496580927726
1,"var_roc_pha_coh","Random Forest","No Foil","No Foil","matthew",0.5,0,1,NA,0.5,0
1,"var_roc_pha_coh","SVM","Open","Open","abel",1,1,1,1,1,1
1,"var_roc_pha_coh","SVM","Open","Open","collin",1,1,1,1,1,1
1,"var_roc_pha_coh","SVM","Open","Open","ivan",1,1,1,1,1,1
1,"var_roc_pha_coh","SVM","Open","Open","kenny",1,1,1,1,1,1
1,"var_roc_pha_coh","SVM","Open","Open","matthew",0.9,0.8,1,0.888888888888889,0.9,0.816496580927726
1,"var_roc_pha_coh","SVM","Open","Foil","abel",0.5,1,0,0.666666666666667,0.5,0
1,"var_roc_pha_coh","SVM","Open","Foil","collin",0.7,1,0.4,0.769230769230769,0.7,0.5
1,"var_roc_pha_coh","SVM","Open","Foil","ivan",0.5,1,0,0.666666666666667,0.5,0
1,"var_roc_pha_coh","SVM","Open","Foil","kenny",0.5,1,0,0.666666666666667,0.5,0
1,"var_roc_pha_coh","SVM","Open","Foil","matthew",0.5,1,0,0.666666666666667,0.5,0
1,"var_roc_pha_coh","SVM","Open","No Foil","abel",1,1,1,1,1,1
1,"var_roc_pha_coh","SVM","Open","No Foil","collin",0.9,1,0.8,0.909090909090909,0.9,0.816496580927726
1,"var_roc_pha_coh","SVM","Open","No Foil","ivan",0.5,1,0,0.666666666666667,0.5,0
1,"var_roc_pha_coh","SVM","Open","No Foil","kenny",0.5,1,0,0.666666666666667,0.5,0
1,"var_roc_pha_coh","SVM","Open","No Foil","matthew",1,1,1,1,1,1
1,"var_roc_pha_coh","SVM","Foil","Open","abel",0.5,0,1,NA,0.5,0
1,"var_roc_pha_coh","SVM","Foil","Open","collin",0.5,0,1,NA,0.5,0
1,"var_roc_pha_coh","SVM","Foil","Open","ivan",0.5,0,1,NA,0.5,0
1,"var_roc_pha_coh","SVM","Foil","Open","kenny",0.5,1,0,0.666666666666667,0.5,0
1,"var_roc_pha_coh","SVM","Foil","Open","matthew",0.5,1,0,0.666666666666667,0.5,0
1,"var_roc_pha_coh","SVM","Foil","Foil","abel",1,1,1,1,1,1
1,"var_roc_pha_coh","SVM","Foil","Foil","collin",0.6,0.2,1,0.333333333333333,0.6,0.333333333333333
1,"var_roc_pha_coh","SVM","Foil","Foil","ivan",0.8,0.6,1,0.75,0.8,0.654653670707977
1,"var_roc_pha_coh","SVM","Foil","Foil","kenny",0.5,1,0,0.666666666666667,0.5,0
1,"var_roc_pha_coh","SVM","Foil","Foil","matthew",0.5,1,0,0.666666666666667,0.5,0
1,"var_roc_pha_coh","SVM","Foil","No Foil","abel",0.5,0,1,NA,0.5,0
1,"var_roc_pha_coh","SVM","Foil","No Foil","collin",0.8,0.6,1,0.75,0.8,0.654653670707977
1,"var_roc_pha_coh","SVM","Foil","No Foil","ivan",0.7,0.4,1,0.571428571428572,0.7,0.5
1,"var_roc_pha_coh","SVM","Foil","No Foil","kenny",0.5,1,0,0.666666666666667,0.5,0
1,"var_roc_pha_coh","SVM","Foil","No Foil","matthew",0.5,1,0,0.666666666666667,0.5,0
1,"var_roc_pha_coh","SVM","No Foil","Open","abel",0.5,0,1,NA,0.5,0
1,"var_roc_pha_coh","SVM","No Foil","Open","collin",0.5,0,1,NA,0.5,0
1,"var_roc_pha_coh","SVM","No Foil","Open","ivan",0.5,0,1,NA,0.5,0
1,"var_roc_pha_coh","SVM","No Foil","Open","kenny",0.6,0.2,1,0.333333333333333,0.6,0.333333333333333
1,"var_roc_pha_coh","SVM","No Foil","Open","matthew",0.5,0,1,NA,0.5,0
1,"var_roc_pha_coh","SVM","No Foil","Foil","abel",1,1,1,1,1,1
1,"var_roc_pha_coh","SVM","No Foil","Foil","collin",0.9,0.8,1,0.888888888888889,0.9,0.816496580927726
1,"var_roc_pha_coh","SVM","No Foil","Foil","ivan",1,1,1,1,1,1
1,"var_roc_pha_coh","SVM","No Foil","Foil","kenny",1,1,1,1,1,1
1,"var_roc_pha_coh","SVM","No Foil","Foil","matthew",0.5,1,0,0.666666666666667,0.5,0
1,"var_roc_pha_coh","SVM","No Foil","No Foil","abel",0.5,0,1,NA,0.5,0
1,"var_roc_pha_coh","SVM","No Foil","No Foil","collin",0.8,0.6,1,0.75,0.8,0.654653670707977
1,"var_roc_pha_coh","SVM","No Foil","No Foil","ivan",0.9,1,0.8,0.909090909090909,0.9,0.816496580927726
1,"var_roc_pha_coh","SVM","No Foil","No Foil","kenny",0.9,1,0.8,0.909090909090909,0.9,0.816496580927726
1,"var_roc_pha_coh","SVM","No Foil","No Foil","matthew",0.5,0,1,NA,0.5,0
2,"var_roc_mean_mag + var_roc_mean_pha","Logistic Regression","Open","Open","abel",1,1,1,1,1,1
2,"var_roc_mean_mag + var_roc_mean_pha","Logistic Regression","Open","Open","collin",1,1,1,1,1,1
2,"var_roc_mean_mag + var_roc_mean_pha","Logistic Regression","Open","Open","ivan",1,1,1,1,1,1
2,"var_roc_mean_mag + var_roc_mean_pha","Logistic Regression","Open","Open","kenny",1,1,1,1,1,1
2,"var_roc_mean_mag + var_roc_mean_pha","Logistic Regression","Open","Open","matthew",1,1,1,1,1,1
2,"var_roc_mean_mag + var_roc_mean_pha","Logistic Regression","Open","Foil","abel",0.5,1,0,0.666666666666667,0.5,0
2,"var_roc_mean_mag + var_roc_mean_pha","Logistic Regression","Open","Foil","collin",0.6,1,0.2,0.714285714285714,0.6,0.333333333333333
2,"var_roc_mean_mag + var_roc_mean_pha","Logistic Regression","Open","Foil","ivan",0.8,1,0.6,0.833333333333333,0.8,0.654653670707977
2,"var_roc_mean_mag + var_roc_mean_pha","Logistic Regression","Open","Foil","kenny",0.5,1,0,0.666666666666667,0.5,0
2,"var_roc_mean_mag + var_roc_mean_pha","Logistic Regression","Open","Foil","matthew",0.5,1,0,0.666666666666667,0.5,0
2,"var_roc_mean_mag + var_roc_mean_pha","Logistic Regression","Open","No Foil","abel",1,1,1,1,1,1
2,"var_roc_mean_mag + var_roc_mean_pha","Logistic Regression","Open","No Foil","collin",0.9,1,0.8,0.909090909090909,0.9,0.816496580927726
2,"var_roc_mean_mag + var_roc_mean_pha","Logistic Regression","Open","No Foil","ivan",0.5,1,0,0.666666666666667,0.5,0
2,"var_roc_mean_mag + var_roc_mean_pha","Logistic Regression","Open","No Foil","kenny",0.5,1,0,0.666666666666667,0.5,0
2,"var_roc_mean_mag + var_roc_mean_pha","Logistic Regression","Open","No Foil","matthew",1,1,1,1,1,1
2,"var_roc_mean_mag + var_roc_mean_pha","Logistic Regression","Foil","Open","abel",0.5,0,1,NA,0.5,0
2,"var_roc_mean_mag + var_roc_mean_pha","Logistic Regression","Foil","Open","collin",0.5,0,1,NA,0.5,0
2,"var_roc_mean_mag + var_roc_mean_pha","Logistic Regression","Foil","Open","ivan",0.5,0,1,NA,0.5,0
2,"var_roc_mean_mag + var_roc_mean_pha","Logistic Regression","Foil","Open","kenny",0.5,0,1,NA,0.5,0
2,"var_roc_mean_mag + var_roc_mean_pha","Logistic Regression","Foil","Open","matthew",0.5,0,1,NA,0.5,0
2,"var_roc_mean_mag + var_roc_mean_pha","Logistic Regression","Foil","Foil","abel",0.5,1,0,0.666666666666667,0.5,0
2,"var_roc_mean_mag + var_roc_mean_pha","Logistic Regression","Foil","Foil","collin",0.9,0.8,1,0.888888888888889,0.9,0.816496580927726
2,"var_roc_mean_mag + var_roc_mean_pha","Logistic Regression","Foil","Foil","ivan",0.5,0,1,NA,0.5,0
2,"var_roc_mean_mag + var_roc_mean_pha","Logistic Regression","Foil","Foil","kenny",0.9,0.8,1,0.888888888888889,0.9,0.816496580927726
2,"var_roc_mean_mag + var_roc_mean_pha","Logistic Regression","Foil","Foil","matthew",0.5,1,0,0.666666666666667,0.5,0
2,"var_roc_mean_mag + var_roc_mean_pha","Logistic Regression","Foil","No Foil","abel",0.5,0,1,NA,0.5,0
2,"var_roc_mean_mag + var_roc_mean_pha","Logistic Regression","Foil","No Foil","collin",0.6,0.2,1,0.333333333333333,0.6,0.333333333333333
2,"var_roc_mean_mag + var_roc_mean_pha","Logistic Regression","Foil","No Foil","ivan",0.5,0,1,NA,0.5,0
2,"var_roc_mean_mag + var_roc_mean_pha","Logistic Regression","Foil","No Foil","kenny",0.5,0,1,NA,0.5,0
2,"var_roc_mean_mag + var_roc_mean_pha","Logistic Regression","Foil","No Foil","matthew",0.5,0,1,NA,0.5,0
2,"var_roc_mean_mag + var_roc_mean_pha","Logistic Regression","No Foil","Open","abel",0.5,0,1,NA,0.5,0
2,"var_roc_mean_mag + var_roc_mean_pha","Logistic Regression","No Foil","Open","collin",0.5,0,1,NA,0.5,0
2,"var_roc_mean_mag + var_roc_mean_pha","Logistic Regression","No Foil","Open","ivan",0.7,0.4,1,0.571428571428572,0.7,0.5
2,"var_roc_mean_mag + var_roc_mean_pha","Logistic Regression","No Foil","Open","kenny",0.7,0.4,1,0.571428571428572,0.7,0.5
2,"var_roc_mean_mag + var_roc_mean_pha","Logistic Regression","No Foil","Open","matthew",0.5,0,1,NA,0.5,0
2,"var_roc_mean_mag + var_roc_mean_pha","Logistic Regression","No Foil","Foil","abel",0.5,1,0,0.666666666666667,0.5,0
2,"var_roc_mean_mag + var_roc_mean_pha","Logistic Regression","No Foil","Foil","collin",0.8,0.8,0.8,0.8,0.8,0.6
2,"var_roc_mean_mag + var_roc_mean_pha","Logistic Regression","No Foil","Foil","ivan",0.7,1,0.4,0.769230769230769,0.7,0.5
2,"var_roc_mean_mag + var_roc_mean_pha","Logistic Regression","No Foil","Foil","kenny",0.5,1,0,0.666666666666667,0.5,0
2,"var_roc_mean_mag + var_roc_mean_pha","Logistic Regression","No Foil","Foil","matthew",0.5,1,0,0.666666666666667,0.5,0
2,"var_roc_mean_mag + var_roc_mean_pha","Logistic Regression","No Foil","No Foil","abel",0.5,0,1,NA,0.5,0
2,"var_roc_mean_mag + var_roc_mean_pha","Logistic Regression","No Foil","No Foil","collin",0.7,0.6,0.8,0.666666666666667,0.7,0.408248290463863
2,"var_roc_mean_mag + var_roc_mean_pha","Logistic Regression","No Foil","No Foil","ivan",0.5,1,0,0.666666666666667,0.5,0
2,"var_roc_mean_mag + var_roc_mean_pha","Logistic Regression","No Foil","No Foil","kenny",0.9,0.8,1,0.888888888888889,0.9,0.816496580927726
2,"var_roc_mean_mag + var_roc_mean_pha","Logistic Regression","No Foil","No Foil","matthew",1,1,1,1,1,1
2,"var_roc_mean_mag + var_roc_mean_pha","Decision Tree","Open","Open","abel",1,1,1,1,1,1
2,"var_roc_mean_mag + var_roc_mean_pha","Decision Tree","Open","Open","collin",1,1,1,1,1,1
2,"var_roc_mean_mag + var_roc_mean_pha","Decision Tree","Open","Open","ivan",1,1,1,1,1,1
2,"var_roc_mean_mag + var_roc_mean_pha","Decision Tree","Open","Open","kenny",1,1,1,1,1,1
2,"var_roc_mean_mag + var_roc_mean_pha","Decision Tree","Open","Open","matthew",0.9,0.8,1,0.888888888888889,0.9,0.816496580927726
2,"var_roc_mean_mag + var_roc_mean_pha","Decision Tree","Open","Foil","abel",0.5,1,0,0.666666666666667,0.5,0
2,"var_roc_mean_mag + var_roc_mean_pha","Decision Tree","Open","Foil","collin",0.6,1,0.2,0.714285714285714,0.6,0.333333333333333
2,"var_roc_mean_mag + var_roc_mean_pha","Decision Tree","Open","Foil","ivan",0.5,1,0,0.666666666666667,0.5,0
2,"var_roc_mean_mag + var_roc_mean_pha","Decision Tree","Open","Foil","kenny",0.5,1,0,0.666666666666667,0.5,0
2,"var_roc_mean_mag + var_roc_mean_pha","Decision Tree","Open","Foil","matthew",0.5,1,0,0.666666666666667,0.5,0
2,"var_roc_mean_mag + var_roc_mean_pha","Decision Tree","Open","No Foil","abel",1,1,1,1,1,1
2,"var_roc_mean_mag + var_roc_mean_pha","Decision Tree","Open","No Foil","collin",1,1,1,1,1,1
2,"var_roc_mean_mag + var_roc_mean_pha","Decision Tree","Open","No Foil","ivan",0.5,1,0,0.666666666666667,0.5,0
2,"var_roc_mean_mag + var_roc_mean_pha","Decision Tree","Open","No Foil","kenny",0.6,1,0.2,0.714285714285714,0.6,0.333333333333333
2,"var_roc_mean_mag + var_roc_mean_pha","Decision Tree","Open","No Foil","matthew",0.8,1,0.6,0.833333333333333,0.8,0.654653670707977
2,"var_roc_mean_mag + var_roc_mean_pha","Decision Tree","Foil","Open","abel",0.5,0,1,NA,0.5,0
2,"var_roc_mean_mag + var_roc_mean_pha","Decision Tree","Foil","Open","collin",0.5,0,1,NA,0.5,0
2,"var_roc_mean_mag + var_roc_mean_pha","Decision Tree","Foil","Open","ivan",0.5,0,1,NA,0.5,0
2,"var_roc_mean_mag + var_roc_mean_pha","Decision Tree","Foil","Open","kenny",0.5,0,1,NA,0.5,0
2,"var_roc_mean_mag + var_roc_mean_pha","Decision Tree","Foil","Open","matthew",0.5,0,1,NA,0.5,0
2,"var_roc_mean_mag + var_roc_mean_pha","Decision Tree","Foil","Foil","abel",0.5,1,0,0.666666666666667,0.5,0
2,"var_roc_mean_mag + var_roc_mean_pha","Decision Tree","Foil","Foil","collin",0.9,0.8,1,0.888888888888889,0.9,0.816496580927726
2,"var_roc_mean_mag + var_roc_mean_pha","Decision Tree","Foil","Foil","ivan",0.6,0.2,1,0.333333333333333,0.6,0.333333333333333
2,"var_roc_mean_mag + var_roc_mean_pha","Decision Tree","Foil","Foil","kenny",0.9,0.8,1,0.888888888888889,0.9,0.816496580927726
2,"var_roc_mean_mag + var_roc_mean_pha","Decision Tree","Foil","Foil","matthew",0.6,1,0.2,0.714285714285714,0.6,0.333333333333333
2,"var_roc_mean_mag + var_roc_mean_pha","Decision Tree","Foil","No Foil","abel",0.5,0,1,NA,0.5,0
2,"var_roc_mean_mag + var_roc_mean_pha","Decision Tree","Foil","No Foil","collin",0.5,0,1,NA,0.5,0
2,"var_roc_mean_mag + var_roc_mean_pha","Decision Tree","Foil","No Foil","ivan",0.5,0,1,NA,0.5,0
2,"var_roc_mean_mag + var_roc_mean_pha","Decision Tree","Foil","No Foil","kenny",0.5,0,1,NA,0.5,0
2,"var_roc_mean_mag + var_roc_mean_pha","Decision Tree","Foil","No Foil","matthew",0.5,0,1,NA,0.5,0
2,"var_roc_mean_mag + var_roc_mean_pha","Decision Tree","No Foil","Open","abel",0.5,0,1,NA,0.5,0
2,"var_roc_mean_mag + var_roc_mean_pha","Decision Tree","No Foil","Open","collin",0.5,0,1,NA,0.5,0
2,"var_roc_mean_mag + var_roc_mean_pha","Decision Tree","No Foil","Open","ivan",1,1,1,1,1,1
2,"var_roc_mean_mag + var_roc_mean_pha","Decision Tree","No Foil","Open","kenny",1,1,1,1,1,1
2,"var_roc_mean_mag + var_roc_mean_pha","Decision Tree","No Foil","Open","matthew",1,1,1,1,1,1
2,"var_roc_mean_mag + var_roc_mean_pha","Decision Tree","No Foil","Foil","abel",0.5,1,0,0.666666666666667,0.5,0
2,"var_roc_mean_mag + var_roc_mean_pha","Decision Tree","No Foil","Foil","collin",0.9,0.8,1,0.888888888888889,0.9,0.816496580927726
2,"var_roc_mean_mag + var_roc_mean_pha","Decision Tree","No Foil","Foil","ivan",0.6,1,0.2,0.714285714285714,0.6,0.333333333333333
2,"var_roc_mean_mag + var_roc_mean_pha","Decision Tree","No Foil","Foil","kenny",0.6,1,0.2,0.714285714285714,0.6,0.333333333333333
2,"var_roc_mean_mag + var_roc_mean_pha","Decision Tree","No Foil","Foil","matthew",0.5,1,0,0.666666666666667,0.5,0
2,"var_roc_mean_mag + var_roc_mean_pha","Decision Tree","No Foil","No Foil","abel",0.5,0,1,NA,0.5,0
2,"var_roc_mean_mag + var_roc_mean_pha","Decision Tree","No Foil","No Foil","collin",0.7,0.4,1,0.571428571428572,0.7,0.5
2,"var_roc_mean_mag + var_roc_mean_pha","Decision Tree","No Foil","No Foil","ivan",0.5,1,0,0.666666666666667,0.5,0
2,"var_roc_mean_mag + var_roc_mean_pha","Decision Tree","No Foil","No Foil","kenny",0.5,1,0,0.666666666666667,0.5,0
2,"var_roc_mean_mag + var_roc_mean_pha","Decision Tree","No Foil","No Foil","matthew",0.7,1,0.4,0.769230769230769,0.7,0.5
2,"var_roc_mean_mag + var_roc_mean_pha","Random Forest","Open","Open","abel",1,1,1,1,1,1
2,"var_roc_mean_mag + var_roc_mean_pha","Random Forest","Open","Open","collin",1,1,1,1,1,1
2,"var_roc_mean_mag + var_roc_mean_pha","Random Forest","Open","Open","ivan",1,1,1,1,1,1
2,"var_roc_mean_mag + var_roc_mean_pha","Random Forest","Open","Open","kenny",1,1,1,1,1,1
2,"var_roc_mean_mag + var_roc_mean_pha","Random Forest","Open","Open","matthew",1,1,1,1,1,1
2,"var_roc_mean_mag + var_roc_mean_pha","Random Forest","Open","Foil","abel",0.5,1,0,0.666666666666667,0.5,0
2,"var_roc_mean_mag + var_roc_mean_pha","Random Forest","Open","Foil","collin",0.6,1,0.2,0.714285714285714,0.6,0.333333333333333
2,"var_roc_mean_mag + var_roc_mean_pha","Random Forest","Open","Foil","ivan",0.7,1,0.4,0.769230769230769,0.7,0.5
2,"var_roc_mean_mag + var_roc_mean_pha","Random Forest","Open","Foil","kenny",0.6,1,0.2,0.714285714285714,0.6,0.333333333333333
2,"var_roc_mean_mag + var_roc_mean_pha","Random Forest","Open","Foil","matthew",0.5,1,0,0.666666666666667,0.5,0
2,"var_roc_mean_mag + var_roc_mean_pha","Random Forest","Open","No Foil","abel",1,1,1,1,1,1
2,"var_roc_mean_mag + var_roc_mean_pha","Random Forest","Open","No Foil","collin",0.9,1,0.8,0.909090909090909,0.9,0.816496580927726
2,"var_roc_mean_mag + var_roc_mean_pha","Random Forest","Open","No Foil","ivan",0.5,1,0,0.666666666666667,0.5,0
2,"var_roc_mean_mag + var_roc_mean_pha","Random Forest","Open","No Foil","kenny",0.5,1,0,0.666666666666667,0.5,0
2,"var_roc_mean_mag + var_roc_mean_pha","Random Forest","Open","No Foil","matthew",1,1,1,1,1,1
2,"var_roc_mean_mag + var_roc_mean_pha","Random Forest","Foil","Open","abel",0.5,0,1,NA,0.5,0
2,"var_roc_mean_mag + var_roc_mean_pha","Random Forest","Foil","Open","collin",0.5,0,1,NA,0.5,0
2,"var_roc_mean_mag + var_roc_mean_pha","Random Forest","Foil","Open","ivan",0.5,0,1,NA,0.5,0
2,"var_roc_mean_mag + var_roc_mean_pha","Random Forest","Foil","Open","kenny",0.5,0,1,NA,0.5,0
2,"var_roc_mean_mag + var_roc_mean_pha","Random Forest","Foil","Open","matthew",0.5,0,1,NA,0.5,0
2,"var_roc_mean_mag + var_roc_mean_pha","Random Forest","Foil","Foil","abel",0.7,1,0.4,0.769230769230769,0.7,0.5
2,"var_roc_mean_mag + var_roc_mean_pha","Random Forest","Foil","Foil","collin",0.9,0.8,1,0.888888888888889,0.9,0.816496580927726
2,"var_roc_mean_mag + var_roc_mean_pha","Random Forest","Foil","Foil","ivan",0.6,0.2,1,0.333333333333333,0.6,0.333333333333333
2,"var_roc_mean_mag + var_roc_mean_pha","Random Forest","Foil","Foil","kenny",0.9,0.8,1,0.888888888888889,0.9,0.816496580927726
2,"var_roc_mean_mag + var_roc_mean_pha","Random Forest","Foil","Foil","matthew",0.6,1,0.2,0.714285714285714,0.6,0.333333333333333
2,"var_roc_mean_mag + var_roc_mean_pha","Random Forest","Foil","No Foil","abel",0.5,0,1,NA,0.5,0
2,"var_roc_mean_mag + var_roc_mean_pha","Random Forest","Foil","No Foil","collin",0.5,0,1,NA,0.5,0
2,"var_roc_mean_mag + var_roc_mean_pha","Random Forest","Foil","No Foil","ivan",0.3,0,0.6,NA,0.3,-0.5
2,"var_roc_mean_mag + var_roc_mean_pha","Random Forest","Foil","No Foil","kenny",0.7,0.4,1,0.571428571428572,0.7,0.5
2,"var_roc_mean_mag + var_roc_mean_pha","Random Forest","Foil","No Foil","matthew",0.6,0.2,1,0.333333333333333,0.6,0.333333333333333
2,"var_roc_mean_mag + var_roc_mean_pha","Random Forest","No Foil","Open","abel",0.5,0,1,NA,0.5,0
2,"var_roc_mean_mag + var_roc_mean_pha","Random Forest","No Foil","Open","collin",0.9,0.8,1,0.888888888888889,0.9,0.816496580927726
2,"var_roc_mean_mag + var_roc_mean_pha","Random Forest","No Foil","Open","ivan",0.9,0.8,1,0.888888888888889,0.9,0.816496580927726
2,"var_roc_mean_mag + var_roc_mean_pha","Random Forest","No Foil","Open","kenny",0.8,0.6,1,0.75,0.8,0.654653670707977
2,"var_roc_mean_mag + var_roc_mean_pha","Random Forest","No Foil","Open","matthew",1,1,1,1,1,1
2,"var_roc_mean_mag + var_roc_mean_pha","Random Forest","No Foil","Foil","abel",0.5,1,0,0.666666666666667,0.5,0
2,"var_roc_mean_mag + var_roc_mean_pha","Random Forest","No Foil","Foil","collin",0.7,0.8,0.6,0.727272727272727,0.7,0.408248290463863
2,"var_roc_mean_mag + var_roc_mean_pha","Random Forest","No Foil","Foil","ivan",0.8,1,0.6,0.833333333333333,0.8,0.654653670707977
2,"var_roc_mean_mag + var_roc_mean_pha","Random Forest","No Foil","Foil","kenny",0.7,1,0.4,0.769230769230769,0.7,0.5
2,"var_roc_mean_mag + var_roc_mean_pha","Random Forest","No Foil","Foil","matthew",0.5,1,0,0.666666666666667,0.5,0
2,"var_roc_mean_mag + var_roc_mean_pha","Random Forest","No Foil","No Foil","abel",0.5,0,1,NA,0.5,0
2,"var_roc_mean_mag + var_roc_mean_pha","Random Forest","No Foil","No Foil","collin",0.8,0.6,1,0.75,0.8,0.654653670707977
2,"var_roc_mean_mag + var_roc_mean_pha","Random Forest","No Foil","No Foil","ivan",0.5,1,0,0.666666666666667,0.5,0
2,"var_roc_mean_mag + var_roc_mean_pha","Random Forest","No Foil","No Foil","kenny",0.6,0.6,0.6,0.6,0.6,0.2
2,"var_roc_mean_mag + var_roc_mean_pha","Random Forest","No Foil","No Foil","matthew",0.8,0.8,0.8,0.8,0.8,0.6
2,"var_roc_mean_mag + var_roc_mean_pha","SVM","Open","Open","abel",1,1,1,1,1,1
2,"var_roc_mean_mag + var_roc_mean_pha","SVM","Open","Open","collin",1,1,1,1,1,1
2,"var_roc_mean_mag + var_roc_mean_pha","SVM","Open","Open","ivan",1,1,1,1,1,1
2,"var_roc_mean_mag + var_roc_mean_pha","SVM","Open","Open","kenny",1,1,1,1,1,1
2,"var_roc_mean_mag + var_roc_mean_pha","SVM","Open","Open","matthew",1,1,1,1,1,1
2,"var_roc_mean_mag + var_roc_mean_pha","SVM","Open","Foil","abel",0.5,1,0,0.666666666666667,0.5,0
2,"var_roc_mean_mag + var_roc_mean_pha","SVM","Open","Foil","collin",0.6,1,0.2,0.714285714285714,0.6,0.333333333333333
2,"var_roc_mean_mag + var_roc_mean_pha","SVM","Open","Foil","ivan",0.5,1,0,0.666666666666667,0.5,0
2,"var_roc_mean_mag + var_roc_mean_pha","SVM","Open","Foil","kenny",0.5,1,0,0.666666666666667,0.5,0
2,"var_roc_mean_mag + var_roc_mean_pha","SVM","Open","Foil","matthew",0.5,1,0,0.666666666666667,0.5,0
2,"var_roc_mean_mag + var_roc_mean_pha","SVM","Open","No Foil","abel",1,1,1,1,1,1
2,"var_roc_mean_mag + var_roc_mean_pha","SVM","Open","No Foil","collin",0.9,1,0.8,0.909090909090909,0.9,0.816496580927726
2,"var_roc_mean_mag + var_roc_mean_pha","SVM","Open","No Foil","ivan",0.5,1,0,0.666666666666667,0.5,0
2,"var_roc_mean_mag + var_roc_mean_pha","SVM","Open","No Foil","kenny",0.5,1,0,0.666666666666667,0.5,0
2,"var_roc_mean_mag + var_roc_mean_pha","SVM","Open","No Foil","matthew",0.9,1,0.8,0.909090909090909,0.9,0.816496580927726
2,"var_roc_mean_mag + var_roc_mean_pha","SVM","Foil","Open","abel",0.5,0,1,NA,0.5,0
2,"var_roc_mean_mag + var_roc_mean_pha","SVM","Foil","Open","collin",0.5,0,1,NA,0.5,0
2,"var_roc_mean_mag + var_roc_mean_pha","SVM","Foil","Open","ivan",0.5,0,1,NA,0.5,0
2,"var_roc_mean_mag + var_roc_mean_pha","SVM","Foil","Open","kenny",0.5,0,1,NA,0.5,0
2,"var_roc_mean_mag + var_roc_mean_pha","SVM","Foil","Open","matthew",0.5,0,1,NA,0.5,0
2,"var_roc_mean_mag + var_roc_mean_pha","SVM","Foil","Foil","abel",0.6,1,0.2,0.714285714285714,0.6,0.333333333333333
2,"var_roc_mean_mag + var_roc_mean_pha","SVM","Foil","Foil","collin",0.9,0.8,1,0.888888888888889,0.9,0.816496580927726
2,"var_roc_mean_mag + var_roc_mean_pha","SVM","Foil","Foil","ivan",0.6,0.2,1,0.333333333333333,0.6,0.333333333333333
2,"var_roc_mean_mag + var_roc_mean_pha","SVM","Foil","Foil","kenny",0.9,0.8,1,0.888888888888889,0.9,0.816496580927726
2,"var_roc_mean_mag + var_roc_mean_pha","SVM","Foil","Foil","matthew",1,1,1,1,1,1
2,"var_roc_mean_mag + var_roc_mean_pha","SVM","Foil","No Foil","abel",0.5,0,1,NA,0.5,0
2,"var_roc_mean_mag + var_roc_mean_pha","SVM","Foil","No Foil","collin",0.6,0.2,1,0.333333333333333,0.6,0.333333333333333
2,"var_roc_mean_mag + var_roc_mean_pha","SVM","Foil","No Foil","ivan",0.5,0,1,NA,0.5,0
2,"var_roc_mean_mag + var_roc_mean_pha","SVM","Foil","No Foil","kenny",0.5,0,1,NA,0.5,0
2,"var_roc_mean_mag + var_roc_mean_pha","SVM","Foil","No Foil","matthew",0.5,0,1,NA,0.5,0
2,"var_roc_mean_mag + var_roc_mean_pha","SVM","No Foil","Open","abel",0.5,0,1,NA,0.5,0
2,"var_roc_mean_mag + var_roc_mean_pha","SVM","No Foil","Open","collin",0.5,0,1,NA,0.5,0
2,"var_roc_mean_mag + var_roc_mean_pha","SVM","No Foil","Open","ivan",0.5,0,1,NA,0.5,0
2,"var_roc_mean_mag + var_roc_mean_pha","SVM","No Foil","Open","kenny",0.7,0.4,1,0.571428571428572,0.7,0.5
2,"var_roc_mean_mag + var_roc_mean_pha","SVM","No Foil","Open","matthew",0.5,0,1,NA,0.5,0
2,"var_roc_mean_mag + var_roc_mean_pha","SVM","No Foil","Foil","abel",0.5,1,0,0.666666666666667,0.5,0
2,"var_roc_mean_mag + var_roc_mean_pha","SVM","No Foil","Foil","collin",0.9,0.8,1,0.888888888888889,0.9,0.816496580927726
2,"var_roc_mean_mag + var_roc_mean_pha","SVM","No Foil","Foil","ivan",0.8,1,0.6,0.833333333333333,0.8,0.654653670707977
2,"var_roc_mean_mag + var_roc_mean_pha","SVM","No Foil","Foil","kenny",0.6,1,0.2,0.714285714285714,0.6,0.333333333333333
2,"var_roc_mean_mag + var_roc_mean_pha","SVM","No Foil","Foil","matthew",0.5,1,0,0.666666666666667,0.5,0
2,"var_roc_mean_mag + var_roc_mean_pha","SVM","No Foil","No Foil","abel",0.5,0,1,NA,0.5,0
2,"var_roc_mean_mag + var_roc_mean_pha","SVM","No Foil","No Foil","collin",0.7,0.6,0.8,0.666666666666667,0.7,0.408248290463863
2,"var_roc_mean_mag + var_roc_mean_pha","SVM","No Foil","No Foil","ivan",0.5,1,0,0.666666666666667,0.5,0
2,"var_roc_mean_mag + var_roc_mean_pha","SVM","No Foil","No Foil","kenny",0.9,0.8,1,0.888888888888889,0.9,0.816496580927726
2,"var_roc_mean_mag + var_roc_mean_pha","SVM","No Foil","No Foil","matthew",1,1,1,1,1,1
2,"var_roc_mean_mag + var_roc_std_mag","Logistic Regression","Open","Open","abel",1,1,1,1,1,1
2,"var_roc_mean_mag + var_roc_std_mag","Logistic Regression","Open","Open","collin",1,1,1,1,1,1
2,"var_roc_mean_mag + var_roc_std_mag","Logistic Regression","Open","Open","ivan",1,1,1,1,1,1
2,"var_roc_mean_mag + var_roc_std_mag","Logistic Regression","Open","Open","kenny",1,1,1,1,1,1
2,"var_roc_mean_mag + var_roc_std_mag","Logistic Regression","Open","Open","matthew",1,1,1,1,1,1
2,"var_roc_mean_mag + var_roc_std_mag","Logistic Regression","Open","Foil","abel",0.5,1,0,0.666666666666667,0.5,0
2,"var_roc_mean_mag + var_roc_std_mag","Logistic Regression","Open","Foil","collin",0.6,1,0.2,0.714285714285714,0.6,0.333333333333333
2,"var_roc_mean_mag + var_roc_std_mag","Logistic Regression","Open","Foil","ivan",0.7,1,0.4,0.769230769230769,0.7,0.5
2,"var_roc_mean_mag + var_roc_std_mag","Logistic Regression","Open","Foil","kenny",0.5,1,0,0.666666666666667,0.5,0
2,"var_roc_mean_mag + var_roc_std_mag","Logistic Regression","Open","Foil","matthew",0.5,1,0,0.666666666666667,0.5,0
2,"var_roc_mean_mag + var_roc_std_mag","Logistic Regression","Open","No Foil","abel",1,1,1,1,1,1
2,"var_roc_mean_mag + var_roc_std_mag","Logistic Regression","Open","No Foil","collin",1,1,1,1,1,1
2,"var_roc_mean_mag + var_roc_std_mag","Logistic Regression","Open","No Foil","ivan",0.5,1,0,0.666666666666667,0.5,0
2,"var_roc_mean_mag + var_roc_std_mag","Logistic Regression","Open","No Foil","kenny",0.8,1,0.6,0.833333333333333,0.8,0.654653670707977
2,"var_roc_mean_mag + var_roc_std_mag","Logistic Regression","Open","No Foil","matthew",0.8,1,0.6,0.833333333333333,0.8,0.654653670707977
2,"var_roc_mean_mag + var_roc_std_mag","Logistic Regression","Foil","Open","abel",0.5,0,1,NA,0.5,0
2,"var_roc_mean_mag + var_roc_std_mag","Logistic Regression","Foil","Open","collin",0.5,0,1,NA,0.5,0
2,"var_roc_mean_mag + var_roc_std_mag","Logistic Regression","Foil","Open","ivan",0.5,0,1,NA,0.5,0
2,"var_roc_mean_mag + var_roc_std_mag","Logistic Regression","Foil","Open","kenny",0.5,0,1,NA,0.5,0
2,"var_roc_mean_mag + var_roc_std_mag","Logistic Regression","Foil","Open","matthew",0.5,0,1,NA,0.5,0
2,"var_roc_mean_mag + var_roc_std_mag","Logistic Regression","Foil","Foil","abel",0.9,1,0.8,0.909090909090909,0.9,0.816496580927726
2,"var_roc_mean_mag + var_roc_std_mag","Logistic Regression","Foil","Foil","collin",0.8,0.6,1,0.75,0.8,0.654653670707977
2,"var_roc_mean_mag + var_roc_std_mag","Logistic Regression","Foil","Foil","ivan",1,1,1,1,1,1
2,"var_roc_mean_mag + var_roc_std_mag","Logistic Regression","Foil","Foil","kenny",1,1,1,1,1,1
2,"var_roc_mean_mag + var_roc_std_mag","Logistic Regression","Foil","Foil","matthew",1,1,1,1,1,1
2,"var_roc_mean_mag + var_roc_std_mag","Logistic Regression","Foil","No Foil","abel",0.5,0,1,NA,0.5,0
2,"var_roc_mean_mag + var_roc_std_mag","Logistic Regression","Foil","No Foil","collin",0.5,0,1,NA,0.5,0
2,"var_roc_mean_mag + var_roc_std_mag","Logistic Regression","Foil","No Foil","ivan",0.6,0.2,1,0.333333333333333,0.6,0.333333333333333
2,"var_roc_mean_mag + var_roc_std_mag","Logistic Regression","Foil","No Foil","kenny",0.7,0.4,1,0.571428571428572,0.7,0.5
2,"var_roc_mean_mag + var_roc_std_mag","Logistic Regression","Foil","No Foil","matthew",0.5,0,1,NA,0.5,0
2,"var_roc_mean_mag + var_roc_std_mag","Logistic Regression","No Foil","Open","abel",0.5,0,1,NA,0.5,0
2,"var_roc_mean_mag + var_roc_std_mag","Logistic Regression","No Foil","Open","collin",0.5,0,1,NA,0.5,0
2,"var_roc_mean_mag + var_roc_std_mag","Logistic Regression","No Foil","Open","ivan",1,1,1,1,1,1
2,"var_roc_mean_mag + var_roc_std_mag","Logistic Regression","No Foil","Open","kenny",0.8,0.6,1,0.75,0.8,0.654653670707977
2,"var_roc_mean_mag + var_roc_std_mag","Logistic Regression","No Foil","Open","matthew",0.5,0,1,NA,0.5,0
2,"var_roc_mean_mag + var_roc_std_mag","Logistic Regression","No Foil","Foil","abel",0.5,1,0,0.666666666666667,0.5,0
2,"var_roc_mean_mag + var_roc_std_mag","Logistic Regression","No Foil","Foil","collin",0.9,1,0.8,0.909090909090909,0.9,0.816496580927726
2,"var_roc_mean_mag + var_roc_std_mag","Logistic Regression","No Foil","Foil","ivan",0.7,1,0.4,0.769230769230769,0.7,0.5
2,"var_roc_mean_mag + var_roc_std_mag","Logistic Regression","No Foil","Foil","kenny",0.7,1,0.4,0.769230769230769,0.7,0.5
2,"var_roc_mean_mag + var_roc_std_mag","Logistic Regression","No Foil","Foil","matthew",0.5,1,0,0.666666666666667,0.5,0
2,"var_roc_mean_mag + var_roc_std_mag","Logistic Regression","No Foil","No Foil","abel",0.5,0,1,NA,0.5,0
2,"var_roc_mean_mag + var_roc_std_mag","Logistic Regression","No Foil","No Foil","collin",0.9,0.8,1,0.888888888888889,0.9,0.816496580927726
2,"var_roc_mean_mag + var_roc_std_mag","Logistic Regression","No Foil","No Foil","ivan",0.5,1,0,0.666666666666667,0.5,0
2,"var_roc_mean_mag + var_roc_std_mag","Logistic Regression","No Foil","No Foil","kenny",0.8,0.6,1,0.75,0.8,0.654653670707977
2,"var_roc_mean_mag + var_roc_std_mag","Logistic Regression","No Foil","No Foil","matthew",1,1,1,1,1,1
2,"var_roc_mean_mag + var_roc_std_mag","Decision Tree","Open","Open","abel",1,1,1,1,1,1
2,"var_roc_mean_mag + var_roc_std_mag","Decision Tree","Open","Open","collin",1,1,1,1,1,1
2,"var_roc_mean_mag + var_roc_std_mag","Decision Tree","Open","Open","ivan",1,1,1,1,1,1
2,"var_roc_mean_mag + var_roc_std_mag","Decision Tree","Open","Open","kenny",1,1,1,1,1,1
2,"var_roc_mean_mag + var_roc_std_mag","Decision Tree","Open","Open","matthew",0.9,0.8,1,0.888888888888889,0.9,0.816496580927726
2,"var_roc_mean_mag + var_roc_std_mag","Decision Tree","Open","Foil","abel",0.5,1,0,0.666666666666667,0.5,0
2,"var_roc_mean_mag + var_roc_std_mag","Decision Tree","Open","Foil","collin",0.6,1,0.2,0.714285714285714,0.6,0.333333333333333
2,"var_roc_mean_mag + var_roc_std_mag","Decision Tree","Open","Foil","ivan",0.5,1,0,0.666666666666667,0.5,0
2,"var_roc_mean_mag + var_roc_std_mag","Decision Tree","Open","Foil","kenny",0.5,1,0,0.666666666666667,0.5,0
2,"var_roc_mean_mag + var_roc_std_mag","Decision Tree","Open","Foil","matthew",0.5,1,0,0.666666666666667,0.5,0
2,"var_roc_mean_mag + var_roc_std_mag","Decision Tree","Open","No Foil","abel",1,1,1,1,1,1
2,"var_roc_mean_mag + var_roc_std_mag","Decision Tree","Open","No Foil","collin",1,1,1,1,1,1
2,"var_roc_mean_mag + var_roc_std_mag","Decision Tree","Open","No Foil","ivan",0.5,1,0,0.666666666666667,0.5,0
2,"var_roc_mean_mag + var_roc_std_mag","Decision Tree","Open","No Foil","kenny",0.6,1,0.2,0.714285714285714,0.6,0.333333333333333
2,"var_roc_mean_mag + var_roc_std_mag","Decision Tree","Open","No Foil","matthew",0.8,1,0.6,0.833333333333333,0.8,0.654653670707977
2,"var_roc_mean_mag + var_roc_std_mag","Decision Tree","Foil","Open","abel",0.5,0,1,NA,0.5,0
2,"var_roc_mean_mag + var_roc_std_mag","Decision Tree","Foil","Open","collin",0.5,0,1,NA,0.5,0
2,"var_roc_mean_mag + var_roc_std_mag","Decision Tree","Foil","Open","ivan",0.5,0,1,NA,0.5,0
2,"var_roc_mean_mag + var_roc_std_mag","Decision Tree","Foil","Open","kenny",0.5,0,1,NA,0.5,0
2,"var_roc_mean_mag + var_roc_std_mag","Decision Tree","Foil","Open","matthew",0.5,0,1,NA,0.5,0
2,"var_roc_mean_mag + var_roc_std_mag","Decision Tree","Foil","Foil","abel",1,1,1,1,1,1
2,"var_roc_mean_mag + var_roc_std_mag","Decision Tree","Foil","Foil","collin",0.9,0.8,1,0.888888888888889,0.9,0.816496580927726
2,"var_roc_mean_mag + var_roc_std_mag","Decision Tree","Foil","Foil","ivan",1,1,1,1,1,1
2,"var_roc_mean_mag + var_roc_std_mag","Decision Tree","Foil","Foil","kenny",1,1,1,1,1,1
2,"var_roc_mean_mag + var_roc_std_mag","Decision Tree","Foil","Foil","matthew",1,1,1,1,1,1
2,"var_roc_mean_mag + var_roc_std_mag","Decision Tree","Foil","No Foil","abel",0.5,0,1,NA,0.5,0
2,"var_roc_mean_mag + var_roc_std_mag","Decision Tree","Foil","No Foil","collin",0.5,0,1,NA,0.5,0
2,"var_roc_mean_mag + var_roc_std_mag","Decision Tree","Foil","No Foil","ivan",0.6,0.2,1,0.333333333333333,0.6,0.333333333333333
2,"var_roc_mean_mag + var_roc_std_mag","Decision Tree","Foil","No Foil","kenny",0.7,0.4,1,0.571428571428572,0.7,0.5
2,"var_roc_mean_mag + var_roc_std_mag","Decision Tree","Foil","No Foil","matthew",0.5,0,1,NA,0.5,0
2,"var_roc_mean_mag + var_roc_std_mag","Decision Tree","No Foil","Open","abel",0.5,0,1,NA,0.5,0
2,"var_roc_mean_mag + var_roc_std_mag","Decision Tree","No Foil","Open","collin",0.5,0,1,NA,0.5,0
2,"var_roc_mean_mag + var_roc_std_mag","Decision Tree","No Foil","Open","ivan",1,1,1,1,1,1
2,"var_roc_mean_mag + var_roc_std_mag","Decision Tree","No Foil","Open","kenny",1,1,1,1,1,1
2,"var_roc_mean_mag + var_roc_std_mag","Decision Tree","No Foil","Open","matthew",1,1,1,1,1,1
2,"var_roc_mean_mag + var_roc_std_mag","Decision Tree","No Foil","Foil","abel",0.5,1,0,0.666666666666667,0.5,0
2,"var_roc_mean_mag + var_roc_std_mag","Decision Tree","No Foil","Foil","collin",0.9,0.8,1,0.888888888888889,0.9,0.816496580927726
2,"var_roc_mean_mag + var_roc_std_mag","Decision Tree","No Foil","Foil","ivan",0.6,1,0.2,0.714285714285714,0.6,0.333333333333333
2,"var_roc_mean_mag + var_roc_std_mag","Decision Tree","No Foil","Foil","kenny",0.5,1,0,0.666666666666667,0.5,0
2,"var_roc_mean_mag + var_roc_std_mag","Decision Tree","No Foil","Foil","matthew",0.5,1,0,0.666666666666667,0.5,0
2,"var_roc_mean_mag + var_roc_std_mag","Decision Tree","No Foil","No Foil","abel",0.5,0,1,NA,0.5,0
2,"var_roc_mean_mag + var_roc_std_mag","Decision Tree","No Foil","No Foil","collin",0.7,0.4,1,0.571428571428572,0.7,0.5
2,"var_roc_mean_mag + var_roc_std_mag","Decision Tree","No Foil","No Foil","ivan",0.5,1,0,0.666666666666667,0.5,0
2,"var_roc_mean_mag + var_roc_std_mag","Decision Tree","No Foil","No Foil","kenny",0.6,1,0.2,0.714285714285714,0.6,0.333333333333333
2,"var_roc_mean_mag + var_roc_std_mag","Decision Tree","No Foil","No Foil","matthew",0.7,1,0.4,0.769230769230769,0.7,0.5
2,"var_roc_mean_mag + var_roc_std_mag","Random Forest","Open","Open","abel",1,1,1,1,1,1
2,"var_roc_mean_mag + var_roc_std_mag","Random Forest","Open","Open","collin",1,1,1,1,1,1
2,"var_roc_mean_mag + var_roc_std_mag","Random Forest","Open","Open","ivan",1,1,1,1,1,1
2,"var_roc_mean_mag + var_roc_std_mag","Random Forest","Open","Open","kenny",1,1,1,1,1,1
2,"var_roc_mean_mag + var_roc_std_mag","Random Forest","Open","Open","matthew",0.9,0.8,1,0.888888888888889,0.9,0.816496580927726
2,"var_roc_mean_mag + var_roc_std_mag","Random Forest","Open","Foil","abel",0.5,1,0,0.666666666666667,0.5,0
2,"var_roc_mean_mag + var_roc_std_mag","Random Forest","Open","Foil","collin",0.6,1,0.2,0.714285714285714,0.6,0.333333333333333
2,"var_roc_mean_mag + var_roc_std_mag","Random Forest","Open","Foil","ivan",0.5,1,0,0.666666666666667,0.5,0
2,"var_roc_mean_mag + var_roc_std_mag","Random Forest","Open","Foil","kenny",0.5,1,0,0.666666666666667,0.5,0
2,"var_roc_mean_mag + var_roc_std_mag","Random Forest","Open","Foil","matthew",0.5,1,0,0.666666666666667,0.5,0
2,"var_roc_mean_mag + var_roc_std_mag","Random Forest","Open","No Foil","abel",1,1,1,1,1,1
2,"var_roc_mean_mag + var_roc_std_mag","Random Forest","Open","No Foil","collin",1,1,1,1,1,1
2,"var_roc_mean_mag + var_roc_std_mag","Random Forest","Open","No Foil","ivan",0.5,1,0,0.666666666666667,0.5,0
2,"var_roc_mean_mag + var_roc_std_mag","Random Forest","Open","No Foil","kenny",0.6,1,0.2,0.714285714285714,0.6,0.333333333333333
2,"var_roc_mean_mag + var_roc_std_mag","Random Forest","Open","No Foil","matthew",0.7,1,0.4,0.769230769230769,0.7,0.5
2,"var_roc_mean_mag + var_roc_std_mag","Random Forest","Foil","Open","abel",0.5,0,1,NA,0.5,0
2,"var_roc_mean_mag + var_roc_std_mag","Random Forest","Foil","Open","collin",0.5,0,1,NA,0.5,0
2,"var_roc_mean_mag + var_roc_std_mag","Random Forest","Foil","Open","ivan",0.5,0,1,NA,0.5,0
2,"var_roc_mean_mag + var_roc_std_mag","Random Forest","Foil","Open","kenny",0.5,0,1,NA,0.5,0
2,"var_roc_mean_mag + var_roc_std_mag","Random Forest","Foil","Open","matthew",0.5,0,1,NA,0.5,0
2,"var_roc_mean_mag + var_roc_std_mag","Random Forest","Foil","Foil","abel",0.9,1,0.8,0.909090909090909,0.9,0.816496580927726
2,"var_roc_mean_mag + var_roc_std_mag","Random Forest","Foil","Foil","collin",0.9,0.8,1,0.888888888888889,0.9,0.816496580927726
2,"var_roc_mean_mag + var_roc_std_mag","Random Forest","Foil","Foil","ivan",1,1,1,1,1,1
2,"var_roc_mean_mag + var_roc_std_mag","Random Forest","Foil","Foil","kenny",1,1,1,1,1,1
2,"var_roc_mean_mag + var_roc_std_mag","Random Forest","Foil","Foil","matthew",1,1,1,1,1,1
2,"var_roc_mean_mag + var_roc_std_mag","Random Forest","Foil","No Foil","abel",0.5,0,1,NA,0.5,0
2,"var_roc_mean_mag + var_roc_std_mag","Random Forest","Foil","No Foil","collin",0.5,0,1,NA,0.5,0
2,"var_roc_mean_mag + var_roc_std_mag","Random Forest","Foil","No Foil","ivan",0.6,0.2,1,0.333333333333333,0.6,0.333333333333333
2,"var_roc_mean_mag + var_roc_std_mag","Random Forest","Foil","No Foil","kenny",0.8,0.6,1,0.75,0.8,0.654653670707977
2,"var_roc_mean_mag + var_roc_std_mag","Random Forest","Foil","No Foil","matthew",0.5,0,1,NA,0.5,0
2,"var_roc_mean_mag + var_roc_std_mag","Random Forest","No Foil","Open","abel",0.5,0,1,NA,0.5,0
2,"var_roc_mean_mag + var_roc_std_mag","Random Forest","No Foil","Open","collin",0.6,0.2,1,0.333333333333333,0.6,0.333333333333333
2,"var_roc_mean_mag + var_roc_std_mag","Random Forest","No Foil","Open","ivan",0.6,0.2,1,0.333333333333333,0.6,0.333333333333333
2,"var_roc_mean_mag + var_roc_std_mag","Random Forest","No Foil","Open","kenny",0.8,0.6,1,0.75,0.8,0.654653670707977
2,"var_roc_mean_mag + var_roc_std_mag","Random Forest","No Foil","Open","matthew",1,1,1,1,1,1
2,"var_roc_mean_mag + var_roc_std_mag","Random Forest","No Foil","Foil","abel",0.5,1,0,0.666666666666667,0.5,0
2,"var_roc_mean_mag + var_roc_std_mag","Random Forest","No Foil","Foil","collin",1,1,1,1,1,1
2,"var_roc_mean_mag + var_roc_std_mag","Random Forest","No Foil","Foil","ivan",0.8,1,0.6,0.833333333333333,0.8,0.654653670707977
2,"var_roc_mean_mag + var_roc_std_mag","Random Forest","No Foil","Foil","kenny",0.9,1,0.8,0.909090909090909,0.9,0.816496580927726
2,"var_roc_mean_mag + var_roc_std_mag","Random Forest","No Foil","Foil","matthew",0.5,1,0,0.666666666666667,0.5,0
2,"var_roc_mean_mag + var_roc_std_mag","Random Forest","No Foil","No Foil","abel",0.7,0.4,1,0.571428571428572,0.7,0.5
2,"var_roc_mean_mag + var_roc_std_mag","Random Forest","No Foil","No Foil","collin",1,1,1,1,1,1
2,"var_roc_mean_mag + var_roc_std_mag","Random Forest","No Foil","No Foil","ivan",0.5,1,0,0.666666666666667,0.5,0
2,"var_roc_mean_mag + var_roc_std_mag","Random Forest","No Foil","No Foil","kenny",0.9,0.8,1,0.888888888888889,0.9,0.816496580927726
2,"var_roc_mean_mag + var_roc_std_mag","Random Forest","No Foil","No Foil","matthew",0.7,0.8,0.6,0.727272727272727,0.7,0.408248290463863
2,"var_roc_mean_mag + var_roc_std_mag","SVM","Open","Open","abel",1,1,1,1,1,1
2,"var_roc_mean_mag + var_roc_std_mag","SVM","Open","Open","collin",1,1,1,1,1,1
2,"var_roc_mean_mag + var_roc_std_mag","SVM","Open","Open","ivan",1,1,1,1,1,1
2,"var_roc_mean_mag + var_roc_std_mag","SVM","Open","Open","kenny",1,1,1,1,1,1
2,"var_roc_mean_mag + var_roc_std_mag","SVM","Open","Open","matthew",0.9,0.8,1,0.888888888888889,0.9,0.816496580927726
2,"var_roc_mean_mag + var_roc_std_mag","SVM","Open","Foil","abel",0.5,1,0,0.666666666666667,0.5,0
2,"var_roc_mean_mag + var_roc_std_mag","SVM","Open","Foil","collin",0.7,1,0.4,0.769230769230769,0.7,0.5
2,"var_roc_mean_mag + var_roc_std_mag","SVM","Open","Foil","ivan",0.5,1,0,0.666666666666667,0.5,0
2,"var_roc_mean_mag + var_roc_std_mag","SVM","Open","Foil","kenny",0.5,1,0,0.666666666666667,0.5,0
2,"var_roc_mean_mag + var_roc_std_mag","SVM","Open","Foil","matthew",0.5,1,0,0.666666666666667,0.5,0
2,"var_roc_mean_mag + var_roc_std_mag","SVM","Open","No Foil","abel",1,1,1,1,1,1
2,"var_roc_mean_mag + var_roc_std_mag","SVM","Open","No Foil","collin",1,1,1,1,1,1
2,"var_roc_mean_mag + var_roc_std_mag","SVM","Open","No Foil","ivan",0.5,1,0,0.666666666666667,0.5,0
2,"var_roc_mean_mag + var_roc_std_mag","SVM","Open","No Foil","kenny",0.6,1,0.2,0.714285714285714,0.6,0.333333333333333
2,"var_roc_mean_mag + var_roc_std_mag","SVM","Open","No Foil","matthew",0.7,1,0.4,0.769230769230769,0.7,0.5
2,"var_roc_mean_mag + var_roc_std_mag","SVM","Foil","Open","abel",0.5,0,1,NA,0.5,0
2,"var_roc_mean_mag + var_roc_std_mag","SVM","Foil","Open","collin",0.5,0,1,NA,0.5,0
2,"var_roc_mean_mag + var_roc_std_mag","SVM","Foil","Open","ivan",0.5,0,1,NA,0.5,0
2,"var_roc_mean_mag + var_roc_std_mag","SVM","Foil","Open","kenny",0.5,0,1,NA,0.5,0
2,"var_roc_mean_mag + var_roc_std_mag","SVM","Foil","Open","matthew",0.5,0,1,NA,0.5,0
2,"var_roc_mean_mag + var_roc_std_mag","SVM","Foil","Foil","abel",0.8,1,0.6,0.833333333333333,0.8,0.654653670707977
2,"var_roc_mean_mag + var_roc_std_mag","SVM","Foil","Foil","collin",0.9,0.8,1,0.888888888888889,0.9,0.816496580927726
2,"var_roc_mean_mag + var_roc_std_mag","SVM","Foil","Foil","ivan",0.8,0.6,1,0.75,0.8,0.654653670707977
2,"var_roc_mean_mag + var_roc_std_mag","SVM","Foil","Foil","kenny",1,1,1,1,1,1
2,"var_roc_mean_mag + var_roc_std_mag","SVM","Foil","Foil","matthew",1,1,1,1,1,1
2,"var_roc_mean_mag + var_roc_std_mag","SVM","Foil","No Foil","abel",0.5,0,1,NA,0.5,0
2,"var_roc_mean_mag + var_roc_std_mag","SVM","Foil","No Foil","collin",0.5,0,1,NA,0.5,0
2,"var_roc_mean_mag + var_roc_std_mag","SVM","Foil","No Foil","ivan",0.5,0,1,NA,0.5,0
2,"var_roc_mean_mag + var_roc_std_mag","SVM","Foil","No Foil","kenny",0.7,0.4,1,0.571428571428572,0.7,0.5
2,"var_roc_mean_mag + var_roc_std_mag","SVM","Foil","No Foil","matthew",0.5,0,1,NA,0.5,0
2,"var_roc_mean_mag + var_roc_std_mag","SVM","No Foil","Open","abel",0.5,0,1,NA,0.5,0
2,"var_roc_mean_mag + var_roc_std_mag","SVM","No Foil","Open","collin",0.5,0,1,NA,0.5,0
2,"var_roc_mean_mag + var_roc_std_mag","SVM","No Foil","Open","ivan",0.5,0,1,NA,0.5,0
2,"var_roc_mean_mag + var_roc_std_mag","SVM","No Foil","Open","kenny",0.7,0.4,1,0.571428571428572,0.7,0.5
2,"var_roc_mean_mag + var_roc_std_mag","SVM","No Foil","Open","matthew",0.5,0,1,NA,0.5,0
2,"var_roc_mean_mag + var_roc_std_mag","SVM","No Foil","Foil","abel",0.5,1,0,0.666666666666667,0.5,0
2,"var_roc_mean_mag + var_roc_std_mag","SVM","No Foil","Foil","collin",0.8,0.8,0.8,0.8,0.8,0.6
2,"var_roc_mean_mag + var_roc_std_mag","SVM","No Foil","Foil","ivan",0.8,1,0.6,0.833333333333333,0.8,0.654653670707977
2,"var_roc_mean_mag + var_roc_std_mag","SVM","No Foil","Foil","kenny",0.7,1,0.4,0.769230769230769,0.7,0.5
2,"var_roc_mean_mag + var_roc_std_mag","SVM","No Foil","Foil","matthew",0.5,1,0,0.666666666666667,0.5,0
2,"var_roc_mean_mag + var_roc_std_mag","SVM","No Foil","No Foil","abel",0.5,0,1,NA,0.5,0
2,"var_roc_mean_mag + var_roc_std_mag","SVM","No Foil","No Foil","collin",0.7,0.4,1,0.571428571428572,0.7,0.5
2,"var_roc_mean_mag + var_roc_std_mag","SVM","No Foil","No Foil","ivan",0.5,1,0,0.666666666666667,0.5,0
2,"var_roc_mean_mag + var_roc_std_mag","SVM","No Foil","No Foil","kenny",0.8,0.6,1,0.75,0.8,0.654653670707977
2,"var_roc_mean_mag + var_roc_std_mag","SVM","No Foil","No Foil","matthew",1,1,1,1,1,1
2,"var_roc_mean_mag + var_roc_pha_coh","Logistic Regression","Open","Open","abel",1,1,1,1,1,1
2,"var_roc_mean_mag + var_roc_pha_coh","Logistic Regression","Open","Open","collin",1,1,1,1,1,1
2,"var_roc_mean_mag + var_roc_pha_coh","Logistic Regression","Open","Open","ivan",1,1,1,1,1,1
2,"var_roc_mean_mag + var_roc_pha_coh","Logistic Regression","Open","Open","kenny",1,1,1,1,1,1
2,"var_roc_mean_mag + var_roc_pha_coh","Logistic Regression","Open","Open","matthew",0.9,0.8,1,0.888888888888889,0.9,0.816496580927726
2,"var_roc_mean_mag + var_roc_pha_coh","Logistic Regression","Open","Foil","abel",0.5,1,0,0.666666666666667,0.5,0
2,"var_roc_mean_mag + var_roc_pha_coh","Logistic Regression","Open","Foil","collin",0.4,0.8,0,0.571428571428571,0.4,-0.333333333333333
2,"var_roc_mean_mag + var_roc_pha_coh","Logistic Regression","Open","Foil","ivan",0.8,1,0.6,0.833333333333333,0.8,0.654653670707977
2,"var_roc_mean_mag + var_roc_pha_coh","Logistic Regression","Open","Foil","kenny",0.5,1,0,0.666666666666667,0.5,0
2,"var_roc_mean_mag + var_roc_pha_coh","Logistic Regression","Open","Foil","matthew",0.5,1,0,0.666666666666667,0.5,0
2,"var_roc_mean_mag + var_roc_pha_coh","Logistic Regression","Open","No Foil","abel",1,1,1,1,1,1
2,"var_roc_mean_mag + var_roc_pha_coh","Logistic Regression","Open","No Foil","collin",0.6,0.2,1,0.333333333333333,0.6,0.333333333333333
2,"var_roc_mean_mag + var_roc_pha_coh","Logistic Regression","Open","No Foil","ivan",0.5,1,0,0.666666666666667,0.5,0
2,"var_roc_mean_mag + var_roc_pha_coh","Logistic Regression","Open","No Foil","kenny",0.5,1,0,0.666666666666667,0.5,0
2,"var_roc_mean_mag + var_roc_pha_coh","Logistic Regression","Open","No Foil","matthew",0.8,1,0.6,0.833333333333333,0.8,0.654653670707977
2,"var_roc_mean_mag + var_roc_pha_coh","Logistic Regression","Foil","Open","abel",0.5,0,1,NA,0.5,0
2,"var_roc_mean_mag + var_roc_pha_coh","Logistic Regression","Foil","Open","collin",0.5,0,1,NA,0.5,0
2,"var_roc_mean_mag + var_roc_pha_coh","Logistic Regression","Foil","Open","ivan",0.5,0,1,NA,0.5,0
2,"var_roc_mean_mag + var_roc_pha_coh","Logistic Regression","Foil","Open","kenny",0.5,0,1,NA,0.5,0
2,"var_roc_mean_mag + var_roc_pha_coh","Logistic Regression","Foil","Open","matthew",0.5,0,1,NA,0.5,0
2,"var_roc_mean_mag + var_roc_pha_coh","Logistic Regression","Foil","Foil","abel",0.9,1,0.8,0.909090909090909,0.9,0.816496580927726
2,"var_roc_mean_mag + var_roc_pha_coh","Logistic Regression","Foil","Foil","collin",0.6,0.2,1,0.333333333333333,0.6,0.333333333333333
2,"var_roc_mean_mag + var_roc_pha_coh","Logistic Regression","Foil","Foil","ivan",0.8,0.6,1,0.75,0.8,0.654653670707977
2,"var_roc_mean_mag + var_roc_pha_coh","Logistic Regression","Foil","Foil","kenny",0.9,0.8,1,0.888888888888889,0.9,0.816496580927726
2,"var_roc_mean_mag + var_roc_pha_coh","Logistic Regression","Foil","Foil","matthew",0.5,1,0,0.666666666666667,0.5,0
2,"var_roc_mean_mag + var_roc_pha_coh","Logistic Regression","Foil","No Foil","abel",0.5,0,1,NA,0.5,0
2,"var_roc_mean_mag + var_roc_pha_coh","Logistic Regression","Foil","No Foil","collin",0.7,0.4,1,0.571428571428572,0.7,0.5
2,"var_roc_mean_mag + var_roc_pha_coh","Logistic Regression","Foil","No Foil","ivan",0.7,0.4,1,0.571428571428572,0.7,0.5
2,"var_roc_mean_mag + var_roc_pha_coh","Logistic Regression","Foil","No Foil","kenny",0.5,0,1,NA,0.5,0
2,"var_roc_mean_mag + var_roc_pha_coh","Logistic Regression","Foil","No Foil","matthew",0.5,0,1,NA,0.5,0
2,"var_roc_mean_mag + var_roc_pha_coh","Logistic Regression","No Foil","Open","abel",0.5,0,1,NA,0.5,0
2,"var_roc_mean_mag + var_roc_pha_coh","Logistic Regression","No Foil","Open","collin",0.5,0,1,NA,0.5,0
2,"var_roc_mean_mag + var_roc_pha_coh","Logistic Regression","No Foil","Open","ivan",0.6,0.2,1,0.333333333333333,0.6,0.333333333333333
2,"var_roc_mean_mag + var_roc_pha_coh","Logistic Regression","No Foil","Open","kenny",0.8,0.6,1,0.75,0.8,0.654653670707977
2,"var_roc_mean_mag + var_roc_pha_coh","Logistic Regression","No Foil","Open","matthew",0.5,0,1,NA,0.5,0
2,"var_roc_mean_mag + var_roc_pha_coh","Logistic Regression","No Foil","Foil","abel",0.5,1,0,0.666666666666667,0.5,0
2,"var_roc_mean_mag + var_roc_pha_coh","Logistic Regression","No Foil","Foil","collin",0.9,0.8,1,0.888888888888889,0.9,0.816496580927726
2,"var_roc_mean_mag + var_roc_pha_coh","Logistic Regression","No Foil","Foil","ivan",0.8,1,0.6,0.833333333333333,0.8,0.654653670707977
2,"var_roc_mean_mag + var_roc_pha_coh","Logistic Regression","No Foil","Foil","kenny",0.6,1,0.2,0.714285714285714,0.6,0.333333333333333
2,"var_roc_mean_mag + var_roc_pha_coh","Logistic Regression","No Foil","Foil","matthew",0.5,1,0,0.666666666666667,0.5,0
2,"var_roc_mean_mag + var_roc_pha_coh","Logistic Regression","No Foil","No Foil","abel",0.5,0,1,NA,0.5,0
2,"var_roc_mean_mag + var_roc_pha_coh","Logistic Regression","No Foil","No Foil","collin",0.8,0.6,1,0.75,0.8,0.654653670707977
2,"var_roc_mean_mag + var_roc_pha_coh","Logistic Regression","No Foil","No Foil","ivan",0.5,1,0,0.666666666666667,0.5,0
2,"var_roc_mean_mag + var_roc_pha_coh","Logistic Regression","No Foil","No Foil","kenny",1,1,1,1,1,1
2,"var_roc_mean_mag + var_roc_pha_coh","Logistic Regression","No Foil","No Foil","matthew",0.5,0,1,NA,0.5,0
2,"var_roc_mean_mag + var_roc_pha_coh","Decision Tree","Open","Open","abel",1,1,1,1,1,1
2,"var_roc_mean_mag + var_roc_pha_coh","Decision Tree","Open","Open","collin",1,1,1,1,1,1
2,"var_roc_mean_mag + var_roc_pha_coh","Decision Tree","Open","Open","ivan",1,1,1,1,1,1
2,"var_roc_mean_mag + var_roc_pha_coh","Decision Tree","Open","Open","kenny",1,1,1,1,1,1
2,"var_roc_mean_mag + var_roc_pha_coh","Decision Tree","Open","Open","matthew",0.9,0.8,1,0.888888888888889,0.9,0.816496580927726
2,"var_roc_mean_mag + var_roc_pha_coh","Decision Tree","Open","Foil","abel",0.5,1,0,0.666666666666667,0.5,0
2,"var_roc_mean_mag + var_roc_pha_coh","Decision Tree","Open","Foil","collin",0.6,1,0.2,0.714285714285714,0.6,0.333333333333333
2,"var_roc_mean_mag + var_roc_pha_coh","Decision Tree","Open","Foil","ivan",0.5,1,0,0.666666666666667,0.5,0
2,"var_roc_mean_mag + var_roc_pha_coh","Decision Tree","Open","Foil","kenny",0.5,1,0,0.666666666666667,0.5,0
2,"var_roc_mean_mag + var_roc_pha_coh","Decision Tree","Open","Foil","matthew",0.5,1,0,0.666666666666667,0.5,0
2,"var_roc_mean_mag + var_roc_pha_coh","Decision Tree","Open","No Foil","abel",1,1,1,1,1,1
2,"var_roc_mean_mag + var_roc_pha_coh","Decision Tree","Open","No Foil","collin",1,1,1,1,1,1
2,"var_roc_mean_mag + var_roc_pha_coh","Decision Tree","Open","No Foil","ivan",0.5,1,0,0.666666666666667,0.5,0
2,"var_roc_mean_mag + var_roc_pha_coh","Decision Tree","Open","No Foil","kenny",0.6,1,0.2,0.714285714285714,0.6,0.333333333333333
2,"var_roc_mean_mag + var_roc_pha_coh","Decision Tree","Open","No Foil","matthew",0.8,1,0.6,0.833333333333333,0.8,0.654653670707977
2,"var_roc_mean_mag + var_roc_pha_coh","Decision Tree","Foil","Open","abel",0.5,0,1,NA,0.5,0
2,"var_roc_mean_mag + var_roc_pha_coh","Decision Tree","Foil","Open","collin",0.5,0,1,NA,0.5,0
2,"var_roc_mean_mag + var_roc_pha_coh","Decision Tree","Foil","Open","ivan",0.5,0,1,NA,0.5,0
2,"var_roc_mean_mag + var_roc_pha_coh","Decision Tree","Foil","Open","kenny",0.5,0,1,NA,0.5,0
2,"var_roc_mean_mag + var_roc_pha_coh","Decision Tree","Foil","Open","matthew",0.5,0,1,NA,0.5,0
2,"var_roc_mean_mag + var_roc_pha_coh","Decision Tree","Foil","Foil","abel",0.5,1,0,0.666666666666667,0.5,0
2,"var_roc_mean_mag + var_roc_pha_coh","Decision Tree","Foil","Foil","collin",0.6,0.2,1,0.333333333333333,0.6,0.333333333333333
2,"var_roc_mean_mag + var_roc_pha_coh","Decision Tree","Foil","Foil","ivan",0.6,0.2,1,0.333333333333333,0.6,0.333333333333333
2,"var_roc_mean_mag + var_roc_pha_coh","Decision Tree","Foil","Foil","kenny",1,1,1,1,1,1
2,"var_roc_mean_mag + var_roc_pha_coh","Decision Tree","Foil","Foil","matthew",0.5,1,0,0.666666666666667,0.5,0
2,"var_roc_mean_mag + var_roc_pha_coh","Decision Tree","Foil","No Foil","abel",0.5,0,1,NA,0.5,0
2,"var_roc_mean_mag + var_roc_pha_coh","Decision Tree","Foil","No Foil","collin",0.7,0.4,1,0.571428571428572,0.7,0.5
2,"var_roc_mean_mag + var_roc_pha_coh","Decision Tree","Foil","No Foil","ivan",0.5,0,1,NA,0.5,0
2,"var_roc_mean_mag + var_roc_pha_coh","Decision Tree","Foil","No Foil","kenny",1,1,1,1,1,1
2,"var_roc_mean_mag + var_roc_pha_coh","Decision Tree","Foil","No Foil","matthew",0.5,0,1,NA,0.5,0
2,"var_roc_mean_mag + var_roc_pha_coh","Decision Tree","No Foil","Open","abel",0.5,0,1,NA,0.5,0
2,"var_roc_mean_mag + var_roc_pha_coh","Decision Tree","No Foil","Open","collin",0.5,0,1,NA,0.5,0
2,"var_roc_mean_mag + var_roc_pha_coh","Decision Tree","No Foil","Open","ivan",1,1,1,1,1,1
2,"var_roc_mean_mag + var_roc_pha_coh","Decision Tree","No Foil","Open","kenny",1,1,1,1,1,1
2,"var_roc_mean_mag + var_roc_pha_coh","Decision Tree","No Foil","Open","matthew",0.5,0,1,NA,0.5,0
2,"var_roc_mean_mag + var_roc_pha_coh","Decision Tree","No Foil","Foil","abel",0.5,1,0,0.666666666666667,0.5,0
2,"var_roc_mean_mag + var_roc_pha_coh","Decision Tree","No Foil","Foil","collin",0.9,0.8,1,0.888888888888889,0.9,0.816496580927726
2,"var_roc_mean_mag + var_roc_pha_coh","Decision Tree","No Foil","Foil","ivan",0.6,1,0.2,0.714285714285714,0.6,0.333333333333333
2,"var_roc_mean_mag + var_roc_pha_coh","Decision Tree","No Foil","Foil","kenny",0.5,1,0,0.666666666666667,0.5,0
2,"var_roc_mean_mag + var_roc_pha_coh","Decision Tree","No Foil","Foil","matthew",0.5,1,0,0.666666666666667,0.5,0
2,"var_roc_mean_mag + var_roc_pha_coh","Decision Tree","No Foil","No Foil","abel",0.5,0,1,NA,0.5,0
2,"var_roc_mean_mag + var_roc_pha_coh","Decision Tree","No Foil","No Foil","collin",0.7,0.4,1,0.571428571428572,0.7,0.5
2,"var_roc_mean_mag + var_roc_pha_coh","Decision Tree","No Foil","No Foil","ivan",0.5,1,0,0.666666666666667,0.5,0
2,"var_roc_mean_mag + var_roc_pha_coh","Decision Tree","No Foil","No Foil","kenny",0.5,1,0,0.666666666666667,0.5,0
2,"var_roc_mean_mag + var_roc_pha_coh","Decision Tree","No Foil","No Foil","matthew",0.5,0,1,NA,0.5,0
2,"var_roc_mean_mag + var_roc_pha_coh","Random Forest","Open","Open","abel",1,1,1,1,1,1
2,"var_roc_mean_mag + var_roc_pha_coh","Random Forest","Open","Open","collin",1,1,1,1,1,1
2,"var_roc_mean_mag + var_roc_pha_coh","Random Forest","Open","Open","ivan",1,1,1,1,1,1
2,"var_roc_mean_mag + var_roc_pha_coh","Random Forest","Open","Open","kenny",1,1,1,1,1,1
2,"var_roc_mean_mag + var_roc_pha_coh","Random Forest","Open","Open","matthew",0.9,0.8,1,0.888888888888889,0.9,0.816496580927726
2,"var_roc_mean_mag + var_roc_pha_coh","Random Forest","Open","Foil","abel",0.5,1,0,0.666666666666667,0.5,0
2,"var_roc_mean_mag + var_roc_pha_coh","Random Forest","Open","Foil","collin",0.6,1,0.2,0.714285714285714,0.6,0.333333333333333
2,"var_roc_mean_mag + var_roc_pha_coh","Random Forest","Open","Foil","ivan",0.5,1,0,0.666666666666667,0.5,0
2,"var_roc_mean_mag + var_roc_pha_coh","Random Forest","Open","Foil","kenny",0.5,1,0,0.666666666666667,0.5,0
2,"var_roc_mean_mag + var_roc_pha_coh","Random Forest","Open","Foil","matthew",0.5,1,0,0.666666666666667,0.5,0
2,"var_roc_mean_mag + var_roc_pha_coh","Random Forest","Open","No Foil","abel",1,1,1,1,1,1
2,"var_roc_mean_mag + var_roc_pha_coh","Random Forest","Open","No Foil","collin",1,1,1,1,1,1
2,"var_roc_mean_mag + var_roc_pha_coh","Random Forest","Open","No Foil","ivan",0.5,1,0,0.666666666666667,0.5,0
2,"var_roc_mean_mag + var_roc_pha_coh","Random Forest","Open","No Foil","kenny",0.6,1,0.2,0.714285714285714,0.6,0.333333333333333
2,"var_roc_mean_mag + var_roc_pha_coh","Random Forest","Open","No Foil","matthew",0.8,1,0.6,0.833333333333333,0.8,0.654653670707977
2,"var_roc_mean_mag + var_roc_pha_coh","Random Forest","Foil","Open","abel",0.5,0,1,NA,0.5,0
2,"var_roc_mean_mag + var_roc_pha_coh","Random Forest","Foil","Open","collin",0.5,0,1,NA,0.5,0
2,"var_roc_mean_mag + var_roc_pha_coh","Random Forest","Foil","Open","ivan",0.5,0,1,NA,0.5,0
2,"var_roc_mean_mag + var_roc_pha_coh","Random Forest","Foil","Open","kenny",0.5,0,1,NA,0.5,0
2,"var_roc_mean_mag + var_roc_pha_coh","Random Forest","Foil","Open","matthew",0.5,0,1,NA,0.5,0
2,"var_roc_mean_mag + var_roc_pha_coh","Random Forest","Foil","Foil","abel",0.8,1,0.6,0.833333333333333,0.8,0.654653670707977
2,"var_roc_mean_mag + var_roc_pha_coh","Random Forest","Foil","Foil","collin",0.6,0.2,1,0.333333333333333,0.6,0.333333333333333
2,"var_roc_mean_mag + var_roc_pha_coh","Random Forest","Foil","Foil","ivan",0.6,0.2,1,0.333333333333333,0.6,0.333333333333333
2,"var_roc_mean_mag + var_roc_pha_coh","Random Forest","Foil","Foil","kenny",1,1,1,1,1,1
2,"var_roc_mean_mag + var_roc_pha_coh","Random Forest","Foil","Foil","matthew",0.5,1,0,0.666666666666667,0.5,0
2,"var_roc_mean_mag + var_roc_pha_coh","Random Forest","Foil","No Foil","abel",0.5,0,1,NA,0.5,0
2,"var_roc_mean_mag + var_roc_pha_coh","Random Forest","Foil","No Foil","collin",0.6,0.2,1,0.333333333333333,0.6,0.333333333333333
2,"var_roc_mean_mag + var_roc_pha_coh","Random Forest","Foil","No Foil","ivan",0.6,0.2,1,0.333333333333333,0.6,0.333333333333333
2,"var_roc_mean_mag + var_roc_pha_coh","Random Forest","Foil","No Foil","kenny",1,1,1,1,1,1
2,"var_roc_mean_mag + var_roc_pha_coh","Random Forest","Foil","No Foil","matthew",0.5,0,1,NA,0.5,0
2,"var_roc_mean_mag + var_roc_pha_coh","Random Forest","No Foil","Open","abel",0.7,0.4,1,0.571428571428572,0.7,0.5
2,"var_roc_mean_mag + var_roc_pha_coh","Random Forest","No Foil","Open","collin",0.7,0.4,1,0.571428571428572,0.7,0.5
2,"var_roc_mean_mag + var_roc_pha_coh","Random Forest","No Foil","Open","ivan",1,1,1,1,1,1
2,"var_roc_mean_mag + var_roc_pha_coh","Random Forest","No Foil","Open","kenny",0.7,0.4,1,0.571428571428572,0.7,0.5
2,"var_roc_mean_mag + var_roc_pha_coh","Random Forest","No Foil","Open","matthew",0.9,0.8,1,0.888888888888889,0.9,0.816496580927726
2,"var_roc_mean_mag + var_roc_pha_coh","Random Forest","No Foil","Foil","abel",0.5,1,0,0.666666666666667,0.5,0
2,"var_roc_mean_mag + var_roc_pha_coh","Random Forest","No Foil","Foil","collin",0.7,1,0.4,0.769230769230769,0.7,0.5
2,"var_roc_mean_mag + var_roc_pha_coh","Random Forest","No Foil","Foil","ivan",0.7,1,0.4,0.769230769230769,0.7,0.5
2,"var_roc_mean_mag + var_roc_pha_coh","Random Forest","No Foil","Foil","kenny",0.6,1,0.2,0.714285714285714,0.6,0.333333333333333
2,"var_roc_mean_mag + var_roc_pha_coh","Random Forest","No Foil","Foil","matthew",0.5,1,0,0.666666666666667,0.5,0
2,"var_roc_mean_mag + var_roc_pha_coh","Random Forest","No Foil","No Foil","abel",0.5,0,1,NA,0.5,0
2,"var_roc_mean_mag + var_roc_pha_coh","Random Forest","No Foil","No Foil","collin",0.9,0.8,1,0.888888888888889,0.9,0.816496580927726
2,"var_roc_mean_mag + var_roc_pha_coh","Random Forest","No Foil","No Foil","ivan",0.5,1,0,0.666666666666667,0.5,0
2,"var_roc_mean_mag + var_roc_pha_coh","Random Forest","No Foil","No Foil","kenny",1,1,1,1,1,1
2,"var_roc_mean_mag + var_roc_pha_coh","Random Forest","No Foil","No Foil","matthew",0.4,0,0.8,NA,0.4,-0.333333333333333
2,"var_roc_mean_mag + var_roc_pha_coh","SVM","Open","Open","abel",1,1,1,1,1,1
2,"var_roc_mean_mag + var_roc_pha_coh","SVM","Open","Open","collin",1,1,1,1,1,1
2,"var_roc_mean_mag + var_roc_pha_coh","SVM","Open","Open","ivan",1,1,1,1,1,1
2,"var_roc_mean_mag + var_roc_pha_coh","SVM","Open","Open","kenny",1,1,1,1,1,1
2,"var_roc_mean_mag + var_roc_pha_coh","SVM","Open","Open","matthew",0.9,0.8,1,0.888888888888889,0.9,0.816496580927726
2,"var_roc_mean_mag + var_roc_pha_coh","SVM","Open","Foil","abel",0.5,1,0,0.666666666666667,0.5,0
2,"var_roc_mean_mag + var_roc_pha_coh","SVM","Open","Foil","collin",0.7,1,0.4,0.769230769230769,0.7,0.5
2,"var_roc_mean_mag + var_roc_pha_coh","SVM","Open","Foil","ivan",0.5,1,0,0.666666666666667,0.5,0
2,"var_roc_mean_mag + var_roc_pha_coh","SVM","Open","Foil","kenny",0.5,1,0,0.666666666666667,0.5,0
2,"var_roc_mean_mag + var_roc_pha_coh","SVM","Open","Foil","matthew",0.5,1,0,0.666666666666667,0.5,0
2,"var_roc_mean_mag + var_roc_pha_coh","SVM","Open","No Foil","abel",1,1,1,1,1,1
2,"var_roc_mean_mag + var_roc_pha_coh","SVM","Open","No Foil","collin",0.9,1,0.8,0.909090909090909,0.9,0.816496580927726
2,"var_roc_mean_mag + var_roc_pha_coh","SVM","Open","No Foil","ivan",0.5,1,0,0.666666666666667,0.5,0
2,"var_roc_mean_mag + var_roc_pha_coh","SVM","Open","No Foil","kenny",0.5,1,0,0.666666666666667,0.5,0
2,"var_roc_mean_mag + var_roc_pha_coh","SVM","Open","No Foil","matthew",0.8,1,0.6,0.833333333333333,0.8,0.654653670707977
2,"var_roc_mean_mag + var_roc_pha_coh","SVM","Foil","Open","abel",0.5,0,1,NA,0.5,0
2,"var_roc_mean_mag + var_roc_pha_coh","SVM","Foil","Open","collin",0.5,0,1,NA,0.5,0
2,"var_roc_mean_mag + var_roc_pha_coh","SVM","Foil","Open","ivan",0.5,0,1,NA,0.5,0
2,"var_roc_mean_mag + var_roc_pha_coh","SVM","Foil","Open","kenny",0.5,0,1,NA,0.5,0
2,"var_roc_mean_mag + var_roc_pha_coh","SVM","Foil","Open","matthew",0.5,0,1,NA,0.5,0
2,"var_roc_mean_mag + var_roc_pha_coh","SVM","Foil","Foil","abel",0.6,1,0.2,0.714285714285714,0.6,0.333333333333333
2,"var_roc_mean_mag + var_roc_pha_coh","SVM","Foil","Foil","collin",0.8,0.6,1,0.75,0.8,0.654653670707977
2,"var_roc_mean_mag + var_roc_pha_coh","SVM","Foil","Foil","ivan",0.6,0.2,1,0.333333333333333,0.6,0.333333333333333
2,"var_roc_mean_mag + var_roc_pha_coh","SVM","Foil","Foil","kenny",0.9,0.8,1,0.888888888888889,0.9,0.816496580927726
2,"var_roc_mean_mag + var_roc_pha_coh","SVM","Foil","Foil","matthew",1,1,1,1,1,1
2,"var_roc_mean_mag + var_roc_pha_coh","SVM","Foil","No Foil","abel",0.5,0,1,NA,0.5,0
2,"var_roc_mean_mag + var_roc_pha_coh","SVM","Foil","No Foil","collin",0.6,0.2,1,0.333333333333333,0.6,0.333333333333333
2,"var_roc_mean_mag + var_roc_pha_coh","SVM","Foil","No Foil","ivan",0.5,0,1,NA,0.5,0
2,"var_roc_mean_mag + var_roc_pha_coh","SVM","Foil","No Foil","kenny",0.5,0,1,NA,0.5,0
2,"var_roc_mean_mag + var_roc_pha_coh","SVM","Foil","No Foil","matthew",0.5,0,1,NA,0.5,0
2,"var_roc_mean_mag + var_roc_pha_coh","SVM","No Foil","Open","abel",0.5,0,1,NA,0.5,0
2,"var_roc_mean_mag + var_roc_pha_coh","SVM","No Foil","Open","collin",0.5,0,1,NA,0.5,0
2,"var_roc_mean_mag + var_roc_pha_coh","SVM","No Foil","Open","ivan",0.5,0,1,NA,0.5,0
2,"var_roc_mean_mag + var_roc_pha_coh","SVM","No Foil","Open","kenny",0.5,0,1,NA,0.5,0
2,"var_roc_mean_mag + var_roc_pha_coh","SVM","No Foil","Open","matthew",0.5,0,1,NA,0.5,0
2,"var_roc_mean_mag + var_roc_pha_coh","SVM","No Foil","Foil","abel",0.5,1,0,0.666666666666667,0.5,0
2,"var_roc_mean_mag + var_roc_pha_coh","SVM","No Foil","Foil","collin",0.9,0.8,1,0.888888888888889,0.9,0.816496580927726
2,"var_roc_mean_mag + var_roc_pha_coh","SVM","No Foil","Foil","ivan",0.8,1,0.6,0.833333333333333,0.8,0.654653670707977
2,"var_roc_mean_mag + var_roc_pha_coh","SVM","No Foil","Foil","kenny",0.7,1,0.4,0.769230769230769,0.7,0.5
2,"var_roc_mean_mag + var_roc_pha_coh","SVM","No Foil","Foil","matthew",0.5,1,0,0.666666666666667,0.5,0
2,"var_roc_mean_mag + var_roc_pha_coh","SVM","No Foil","No Foil","abel",0.5,0,1,NA,0.5,0
2,"var_roc_mean_mag + var_roc_pha_coh","SVM","No Foil","No Foil","collin",0.8,0.6,1,0.75,0.8,0.654653670707977
2,"var_roc_mean_mag + var_roc_pha_coh","SVM","No Foil","No Foil","ivan",0.6,1,0.2,0.714285714285714,0.6,0.333333333333333
2,"var_roc_mean_mag + var_roc_pha_coh","SVM","No Foil","No Foil","kenny",1,1,1,1,1,1
2,"var_roc_mean_mag + var_roc_pha_coh","SVM","No Foil","No Foil","matthew",0.9,0.8,1,0.888888888888889,0.9,0.816496580927726
2,"var_roc_mean_pha + var_roc_std_mag","Logistic Regression","Open","Open","abel",1,1,1,1,1,1
2,"var_roc_mean_pha + var_roc_std_mag","Logistic Regression","Open","Open","collin",1,1,1,1,1,1
2,"var_roc_mean_pha + var_roc_std_mag","Logistic Regression","Open","Open","ivan",1,1,1,1,1,1
2,"var_roc_mean_pha + var_roc_std_mag","Logistic Regression","Open","Open","kenny",1,1,1,1,1,1
2,"var_roc_mean_pha + var_roc_std_mag","Logistic Regression","Open","Open","matthew",1,1,1,1,1,1
2,"var_roc_mean_pha + var_roc_std_mag","Logistic Regression","Open","Foil","abel",0.5,1,0,0.666666666666667,0.5,0
2,"var_roc_mean_pha + var_roc_std_mag","Logistic Regression","Open","Foil","collin",0.6,1,0.2,0.714285714285714,0.6,0.333333333333333
2,"var_roc_mean_pha + var_roc_std_mag","Logistic Regression","Open","Foil","ivan",0.7,1,0.4,0.769230769230769,0.7,0.5
2,"var_roc_mean_pha + var_roc_std_mag","Logistic Regression","Open","Foil","kenny",0.5,1,0,0.666666666666667,0.5,0
2,"var_roc_mean_pha + var_roc_std_mag","Logistic Regression","Open","Foil","matthew",0.5,1,0,0.666666666666667,0.5,0
2,"var_roc_mean_pha + var_roc_std_mag","Logistic Regression","Open","No Foil","abel",0.9,0.8,1,0.888888888888889,0.9,0.816496580927726
2,"var_roc_mean_pha + var_roc_std_mag","Logistic Regression","Open","No Foil","collin",0.9,1,0.8,0.909090909090909,0.9,0.816496580927726
2,"var_roc_mean_pha + var_roc_std_mag","Logistic Regression","Open","No Foil","ivan",0.5,1,0,0.666666666666667,0.5,0
2,"var_roc_mean_pha + var_roc_std_mag","Logistic Regression","Open","No Foil","kenny",0.5,1,0,0.666666666666667,0.5,0
2,"var_roc_mean_pha + var_roc_std_mag","Logistic Regression","Open","No Foil","matthew",0.9,1,0.8,0.909090909090909,0.9,0.816496580927726
2,"var_roc_mean_pha + var_roc_std_mag","Logistic Regression","Foil","Open","abel",0.5,0,1,NA,0.5,0
2,"var_roc_mean_pha + var_roc_std_mag","Logistic Regression","Foil","Open","collin",0.5,0,1,NA,0.5,0
2,"var_roc_mean_pha + var_roc_std_mag","Logistic Regression","Foil","Open","ivan",0.5,0,1,NA,0.5,0
2,"var_roc_mean_pha + var_roc_std_mag","Logistic Regression","Foil","Open","kenny",0.5,0,1,NA,0.5,0
2,"var_roc_mean_pha + var_roc_std_mag","Logistic Regression","Foil","Open","matthew",0.5,0,1,NA,0.5,0
2,"var_roc_mean_pha + var_roc_std_mag","Logistic Regression","Foil","Foil","abel",0.9,1,0.8,0.909090909090909,0.9,0.816496580927726
2,"var_roc_mean_pha + var_roc_std_mag","Logistic Regression","Foil","Foil","collin",0.8,0.6,1,0.75,0.8,0.654653670707977
2,"var_roc_mean_pha + var_roc_std_mag","Logistic Regression","Foil","Foil","ivan",1,1,1,1,1,1
2,"var_roc_mean_pha + var_roc_std_mag","Logistic Regression","Foil","Foil","kenny",1,1,1,1,1,1
2,"var_roc_mean_pha + var_roc_std_mag","Logistic Regression","Foil","Foil","matthew",1,1,1,1,1,1
2,"var_roc_mean_pha + var_roc_std_mag","Logistic Regression","Foil","No Foil","abel",0.5,0,1,NA,0.5,0
2,"var_roc_mean_pha + var_roc_std_mag","Logistic Regression","Foil","No Foil","collin",0.5,0,1,NA,0.5,0
2,"var_roc_mean_pha + var_roc_std_mag","Logistic Regression","Foil","No Foil","ivan",0.5,0,1,NA,0.5,0
2,"var_roc_mean_pha + var_roc_std_mag","Logistic Regression","Foil","No Foil","kenny",0.7,0.4,1,0.571428571428572,0.7,0.5
2,"var_roc_mean_pha + var_roc_std_mag","Logistic Regression","Foil","No Foil","matthew",0.5,0,1,NA,0.5,0
2,"var_roc_mean_pha + var_roc_std_mag","Logistic Regression","No Foil","Open","abel",0.5,0,1,NA,0.5,0
2,"var_roc_mean_pha + var_roc_std_mag","Logistic Regression","No Foil","Open","collin",0.5,0,1,NA,0.5,0
2,"var_roc_mean_pha + var_roc_std_mag","Logistic Regression","No Foil","Open","ivan",0.5,0,1,NA,0.5,0
2,"var_roc_mean_pha + var_roc_std_mag","Logistic Regression","No Foil","Open","kenny",0.5,0,1,NA,0.5,0
2,"var_roc_mean_pha + var_roc_std_mag","Logistic Regression","No Foil","Open","matthew",0.5,0,1,NA,0.5,0
2,"var_roc_mean_pha + var_roc_std_mag","Logistic Regression","No Foil","Foil","abel",0.5,1,0,0.666666666666667,0.5,0
2,"var_roc_mean_pha + var_roc_std_mag","Logistic Regression","No Foil","Foil","collin",0.9,0.8,1,0.888888888888889,0.9,0.816496580927726
2,"var_roc_mean_pha + var_roc_std_mag","Logistic Regression","No Foil","Foil","ivan",0.7,1,0.4,0.769230769230769,0.7,0.5
2,"var_roc_mean_pha + var_roc_std_mag","Logistic Regression","No Foil","Foil","kenny",0.5,1,0,0.666666666666667,0.5,0
2,"var_roc_mean_pha + var_roc_std_mag","Logistic Regression","No Foil","Foil","matthew",0.5,1,0,0.666666666666667,0.5,0
2,"var_roc_mean_pha + var_roc_std_mag","Logistic Regression","No Foil","No Foil","abel",0.5,0,1,NA,0.5,0
2,"var_roc_mean_pha + var_roc_std_mag","Logistic Regression","No Foil","No Foil","collin",0.6,0.4,0.8,0.5,0.6,0.218217890235992
2,"var_roc_mean_pha + var_roc_std_mag","Logistic Regression","No Foil","No Foil","ivan",0.5,1,0,0.666666666666667,0.5,0
2,"var_roc_mean_pha + var_roc_std_mag","Logistic Regression","No Foil","No Foil","kenny",0.7,0.8,0.6,0.727272727272727,0.7,0.408248290463863
2,"var_roc_mean_pha + var_roc_std_mag","Logistic Regression","No Foil","No Foil","matthew",0.9,0.8,1,0.888888888888889,0.9,0.816496580927726
2,"var_roc_mean_pha + var_roc_std_mag","Decision Tree","Open","Open","abel",1,1,1,1,1,1
2,"var_roc_mean_pha + var_roc_std_mag","Decision Tree","Open","Open","collin",1,1,1,1,1,1
2,"var_roc_mean_pha + var_roc_std_mag","Decision Tree","Open","Open","ivan",1,1,1,1,1,1
2,"var_roc_mean_pha + var_roc_std_mag","Decision Tree","Open","Open","kenny",1,1,1,1,1,1
2,"var_roc_mean_pha + var_roc_std_mag","Decision Tree","Open","Open","matthew",1,1,1,1,1,1
2,"var_roc_mean_pha + var_roc_std_mag","Decision Tree","Open","Foil","abel",0.5,1,0,0.666666666666667,0.5,0
2,"var_roc_mean_pha + var_roc_std_mag","Decision Tree","Open","Foil","collin",0.6,1,0.2,0.714285714285714,0.6,0.333333333333333
2,"var_roc_mean_pha + var_roc_std_mag","Decision Tree","Open","Foil","ivan",0.7,1,0.4,0.769230769230769,0.7,0.5
2,"var_roc_mean_pha + var_roc_std_mag","Decision Tree","Open","Foil","kenny",0.6,1,0.2,0.714285714285714,0.6,0.333333333333333
2,"var_roc_mean_pha + var_roc_std_mag","Decision Tree","Open","Foil","matthew",0.5,1,0,0.666666666666667,0.5,0
2,"var_roc_mean_pha + var_roc_std_mag","Decision Tree","Open","No Foil","abel",1,1,1,1,1,1
2,"var_roc_mean_pha + var_roc_std_mag","Decision Tree","Open","No Foil","collin",0.9,1,0.8,0.909090909090909,0.9,0.816496580927726
2,"var_roc_mean_pha + var_roc_std_mag","Decision Tree","Open","No Foil","ivan",0.5,1,0,0.666666666666667,0.5,0
2,"var_roc_mean_pha + var_roc_std_mag","Decision Tree","Open","No Foil","kenny",0.5,1,0,0.666666666666667,0.5,0
2,"var_roc_mean_pha + var_roc_std_mag","Decision Tree","Open","No Foil","matthew",1,1,1,1,1,1
2,"var_roc_mean_pha + var_roc_std_mag","Decision Tree","Foil","Open","abel",0.5,0,1,NA,0.5,0
2,"var_roc_mean_pha + var_roc_std_mag","Decision Tree","Foil","Open","collin",0.5,0,1,NA,0.5,0
2,"var_roc_mean_pha + var_roc_std_mag","Decision Tree","Foil","Open","ivan",0.5,0,1,NA,0.5,0
2,"var_roc_mean_pha + var_roc_std_mag","Decision Tree","Foil","Open","kenny",0.5,0,1,NA,0.5,0
2,"var_roc_mean_pha + var_roc_std_mag","Decision Tree","Foil","Open","matthew",0.5,0,1,NA,0.5,0
2,"var_roc_mean_pha + var_roc_std_mag","Decision Tree","Foil","Foil","abel",1,1,1,1,1,1
2,"var_roc_mean_pha + var_roc_std_mag","Decision Tree","Foil","Foil","collin",0.9,0.8,1,0.888888888888889,0.9,0.816496580927726
2,"var_roc_mean_pha + var_roc_std_mag","Decision Tree","Foil","Foil","ivan",1,1,1,1,1,1
2,"var_roc_mean_pha + var_roc_std_mag","Decision Tree","Foil","Foil","kenny",1,1,1,1,1,1
2,"var_roc_mean_pha + var_roc_std_mag","Decision Tree","Foil","Foil","matthew",1,1,1,1,1,1
2,"var_roc_mean_pha + var_roc_std_mag","Decision Tree","Foil","No Foil","abel",0.5,0,1,NA,0.5,0
2,"var_roc_mean_pha + var_roc_std_mag","Decision Tree","Foil","No Foil","collin",0.5,0,1,NA,0.5,0
2,"var_roc_mean_pha + var_roc_std_mag","Decision Tree","Foil","No Foil","ivan",0.6,0.2,1,0.333333333333333,0.6,0.333333333333333
2,"var_roc_mean_pha + var_roc_std_mag","Decision Tree","Foil","No Foil","kenny",0.7,0.4,1,0.571428571428572,0.7,0.5
2,"var_roc_mean_pha + var_roc_std_mag","Decision Tree","Foil","No Foil","matthew",0.5,0,1,NA,0.5,0
2,"var_roc_mean_pha + var_roc_std_mag","Decision Tree","No Foil","Open","abel",0.5,0,1,NA,0.5,0
2,"var_roc_mean_pha + var_roc_std_mag","Decision Tree","No Foil","Open","collin",0.5,0,1,NA,0.5,0
2,"var_roc_mean_pha + var_roc_std_mag","Decision Tree","No Foil","Open","ivan",1,1,1,1,1,1
2,"var_roc_mean_pha + var_roc_std_mag","Decision Tree","No Foil","Open","kenny",1,1,1,1,1,1
2,"var_roc_mean_pha + var_roc_std_mag","Decision Tree","No Foil","Open","matthew",1,1,1,1,1,1
2,"var_roc_mean_pha + var_roc_std_mag","Decision Tree","No Foil","Foil","abel",0.5,1,0,0.666666666666667,0.5,0
2,"var_roc_mean_pha + var_roc_std_mag","Decision Tree","No Foil","Foil","collin",0.9,0.8,1,0.888888888888889,0.9,0.816496580927726
2,"var_roc_mean_pha + var_roc_std_mag","Decision Tree","No Foil","Foil","ivan",0.7,1,0.4,0.769230769230769,0.7,0.5
2,"var_roc_mean_pha + var_roc_std_mag","Decision Tree","No Foil","Foil","kenny",0.6,1,0.2,0.714285714285714,0.6,0.333333333333333
2,"var_roc_mean_pha + var_roc_std_mag","Decision Tree","No Foil","Foil","matthew",0.5,1,0,0.666666666666667,0.5,0
2,"var_roc_mean_pha + var_roc_std_mag","Decision Tree","No Foil","No Foil","abel",0.5,0,1,NA,0.5,0
2,"var_roc_mean_pha + var_roc_std_mag","Decision Tree","No Foil","No Foil","collin",0.5,0,1,NA,0.5,0
2,"var_roc_mean_pha + var_roc_std_mag","Decision Tree","No Foil","No Foil","ivan",0.5,1,0,0.666666666666667,0.5,0
2,"var_roc_mean_pha + var_roc_std_mag","Decision Tree","No Foil","No Foil","kenny",0.5,1,0,0.666666666666667,0.5,0
2,"var_roc_mean_pha + var_roc_std_mag","Decision Tree","No Foil","No Foil","matthew",0.7,1,0.4,0.769230769230769,0.7,0.5
2,"var_roc_mean_pha + var_roc_std_mag","Random Forest","Open","Open","abel",1,1,1,1,1,1
2,"var_roc_mean_pha + var_roc_std_mag","Random Forest","Open","Open","collin",1,1,1,1,1,1
2,"var_roc_mean_pha + var_roc_std_mag","Random Forest","Open","Open","ivan",1,1,1,1,1,1
2,"var_roc_mean_pha + var_roc_std_mag","Random Forest","Open","Open","kenny",1,1,1,1,1,1
2,"var_roc_mean_pha + var_roc_std_mag","Random Forest","Open","Open","matthew",1,1,1,1,1,1
2,"var_roc_mean_pha + var_roc_std_mag","Random Forest","Open","Foil","abel",0.5,1,0,0.666666666666667,0.5,0
2,"var_roc_mean_pha + var_roc_std_mag","Random Forest","Open","Foil","collin",0.6,1,0.2,0.714285714285714,0.6,0.333333333333333
2,"var_roc_mean_pha + var_roc_std_mag","Random Forest","Open","Foil","ivan",0.5,1,0,0.666666666666667,0.5,0
2,"var_roc_mean_pha + var_roc_std_mag","Random Forest","Open","Foil","kenny",0.5,1,0,0.666666666666667,0.5,0
2,"var_roc_mean_pha + var_roc_std_mag","Random Forest","Open","Foil","matthew",0.5,1,0,0.666666666666667,0.5,0
2,"var_roc_mean_pha + var_roc_std_mag","Random Forest","Open","No Foil","abel",1,1,1,1,1,1
2,"var_roc_mean_pha + var_roc_std_mag","Random Forest","Open","No Foil","collin",0.9,1,0.8,0.909090909090909,0.9,0.816496580927726
2,"var_roc_mean_pha + var_roc_std_mag","Random Forest","Open","No Foil","ivan",0.5,1,0,0.666666666666667,0.5,0
2,"var_roc_mean_pha + var_roc_std_mag","Random Forest","Open","No Foil","kenny",0.6,1,0.2,0.714285714285714,0.6,0.333333333333333
2,"var_roc_mean_pha + var_roc_std_mag","Random Forest","Open","No Foil","matthew",0.9,1,0.8,0.909090909090909,0.9,0.816496580927726
2,"var_roc_mean_pha + var_roc_std_mag","Random Forest","Foil","Open","abel",0.5,0,1,NA,0.5,0
2,"var_roc_mean_pha + var_roc_std_mag","Random Forest","Foil","Open","collin",0.5,0,1,NA,0.5,0
2,"var_roc_mean_pha + var_roc_std_mag","Random Forest","Foil","Open","ivan",0.5,0,1,NA,0.5,0
2,"var_roc_mean_pha + var_roc_std_mag","Random Forest","Foil","Open","kenny",0.5,0,1,NA,0.5,0
2,"var_roc_mean_pha + var_roc_std_mag","Random Forest","Foil","Open","matthew",0.5,0,1,NA,0.5,0
2,"var_roc_mean_pha + var_roc_std_mag","Random Forest","Foil","Foil","abel",1,1,1,1,1,1
2,"var_roc_mean_pha + var_roc_std_mag","Random Forest","Foil","Foil","collin",0.9,0.8,1,0.888888888888889,0.9,0.816496580927726
2,"var_roc_mean_pha + var_roc_std_mag","Random Forest","Foil","Foil","ivan",1,1,1,1,1,1
2,"var_roc_mean_pha + var_roc_std_mag","Random Forest","Foil","Foil","kenny",1,1,1,1,1,1
2,"var_roc_mean_pha + var_roc_std_mag","Random Forest","Foil","Foil","matthew",1,1,1,1,1,1
2,"var_roc_mean_pha + var_roc_std_mag","Random Forest","Foil","No Foil","abel",0.5,0,1,NA,0.5,0
2,"var_roc_mean_pha + var_roc_std_mag","Random Forest","Foil","No Foil","collin",0.5,0,1,NA,0.5,0
2,"var_roc_mean_pha + var_roc_std_mag","Random Forest","Foil","No Foil","ivan",0.6,0.2,1,0.333333333333333,0.6,0.333333333333333
2,"var_roc_mean_pha + var_roc_std_mag","Random Forest","Foil","No Foil","kenny",0.7,0.4,1,0.571428571428572,0.7,0.5
2,"var_roc_mean_pha + var_roc_std_mag","Random Forest","Foil","No Foil","matthew",0.5,0,1,NA,0.5,0
2,"var_roc_mean_pha + var_roc_std_mag","Random Forest","No Foil","Open","abel",0.6,0.2,1,0.333333333333333,0.6,0.333333333333333
2,"var_roc_mean_pha + var_roc_std_mag","Random Forest","No Foil","Open","collin",1,1,1,1,1,1
2,"var_roc_mean_pha + var_roc_std_mag","Random Forest","No Foil","Open","ivan",1,1,1,1,1,1
2,"var_roc_mean_pha + var_roc_std_mag","Random Forest","No Foil","Open","kenny",1,1,1,1,1,1
2,"var_roc_mean_pha + var_roc_std_mag","Random Forest","No Foil","Open","matthew",1,1,1,1,1,1
2,"var_roc_mean_pha + var_roc_std_mag","Random Forest","No Foil","Foil","abel",0.5,1,0,0.666666666666667,0.5,0
2,"var_roc_mean_pha + var_roc_std_mag","Random Forest","No Foil","Foil","collin",0.9,1,0.8,0.909090909090909,0.9,0.816496580927726
2,"var_roc_mean_pha + var_roc_std_mag","Random Forest","No Foil","Foil","ivan",0.7,1,0.4,0.769230769230769,0.7,0.5
2,"var_roc_mean_pha + var_roc_std_mag","Random Forest","No Foil","Foil","kenny",0.9,1,0.8,0.909090909090909,0.9,0.816496580927726
2,"var_roc_mean_pha + var_roc_std_mag","Random Forest","No Foil","Foil","matthew",0.5,1,0,0.666666666666667,0.5,0
2,"var_roc_mean_pha + var_roc_std_mag","Random Forest","No Foil","No Foil","abel",0.5,0,1,NA,0.5,0
2,"var_roc_mean_pha + var_roc_std_mag","Random Forest","No Foil","No Foil","collin",0.6,0.4,0.8,0.5,0.6,0.218217890235992
2,"var_roc_mean_pha + var_roc_std_mag","Random Forest","No Foil","No Foil","ivan",0.5,1,0,0.666666666666667,0.5,0
2,"var_roc_mean_pha + var_roc_std_mag","Random Forest","No Foil","No Foil","kenny",0.6,1,0.2,0.714285714285714,0.6,0.333333333333333
2,"var_roc_mean_pha + var_roc_std_mag","Random Forest","No Foil","No Foil","matthew",0,0,0,NA,0,-1
2,"var_roc_mean_pha + var_roc_std_mag","SVM","Open","Open","abel",1,1,1,1,1,1
2,"var_roc_mean_pha + var_roc_std_mag","SVM","Open","Open","collin",1,1,1,1,1,1
2,"var_roc_mean_pha + var_roc_std_mag","SVM","Open","Open","ivan",1,1,1,1,1,1
2,"var_roc_mean_pha + var_roc_std_mag","SVM","Open","Open","kenny",1,1,1,1,1,1
2,"var_roc_mean_pha + var_roc_std_mag","SVM","Open","Open","matthew",1,1,1,1,1,1
2,"var_roc_mean_pha + var_roc_std_mag","SVM","Open","Foil","abel",0.5,1,0,0.666666666666667,0.5,0
2,"var_roc_mean_pha + var_roc_std_mag","SVM","Open","Foil","collin",0.6,1,0.2,0.714285714285714,0.6,0.333333333333333
2,"var_roc_mean_pha + var_roc_std_mag","SVM","Open","Foil","ivan",0.5,1,0,0.666666666666667,0.5,0
2,"var_roc_mean_pha + var_roc_std_mag","SVM","Open","Foil","kenny",0.5,1,0,0.666666666666667,0.5,0
2,"var_roc_mean_pha + var_roc_std_mag","SVM","Open","Foil","matthew",0.5,1,0,0.666666666666667,0.5,0
2,"var_roc_mean_pha + var_roc_std_mag","SVM","Open","No Foil","abel",0.9,0.8,1,0.888888888888889,0.9,0.816496580927726
2,"var_roc_mean_pha + var_roc_std_mag","SVM","Open","No Foil","collin",0.9,1,0.8,0.909090909090909,0.9,0.816496580927726
2,"var_roc_mean_pha + var_roc_std_mag","SVM","Open","No Foil","ivan",0.5,1,0,0.666666666666667,0.5,0
2,"var_roc_mean_pha + var_roc_std_mag","SVM","Open","No Foil","kenny",0.5,1,0,0.666666666666667,0.5,0
2,"var_roc_mean_pha + var_roc_std_mag","SVM","Open","No Foil","matthew",0.8,1,0.6,0.833333333333333,0.8,0.654653670707977
2,"var_roc_mean_pha + var_roc_std_mag","SVM","Foil","Open","abel",0.5,0,1,NA,0.5,0
2,"var_roc_mean_pha + var_roc_std_mag","SVM","Foil","Open","collin",0.5,0,1,NA,0.5,0
2,"var_roc_mean_pha + var_roc_std_mag","SVM","Foil","Open","ivan",0.5,0,1,NA,0.5,0
2,"var_roc_mean_pha + var_roc_std_mag","SVM","Foil","Open","kenny",0.5,0,1,NA,0.5,0
2,"var_roc_mean_pha + var_roc_std_mag","SVM","Foil","Open","matthew",0.5,0,1,NA,0.5,0
2,"var_roc_mean_pha + var_roc_std_mag","SVM","Foil","Foil","abel",0.9,1,0.8,0.909090909090909,0.9,0.816496580927726
2,"var_roc_mean_pha + var_roc_std_mag","SVM","Foil","Foil","collin",0.9,0.8,1,0.888888888888889,0.9,0.816496580927726
2,"var_roc_mean_pha + var_roc_std_mag","SVM","Foil","Foil","ivan",1,1,1,1,1,1
2,"var_roc_mean_pha + var_roc_std_mag","SVM","Foil","Foil","kenny",1,1,1,1,1,1
2,"var_roc_mean_pha + var_roc_std_mag","SVM","Foil","Foil","matthew",1,1,1,1,1,1
2,"var_roc_mean_pha + var_roc_std_mag","SVM","Foil","No Foil","abel",0.5,0,1,NA,0.5,0
2,"var_roc_mean_pha + var_roc_std_mag","SVM","Foil","No Foil","collin",0.5,0,1,NA,0.5,0
2,"var_roc_mean_pha + var_roc_std_mag","SVM","Foil","No Foil","ivan",0.6,0.2,1,0.333333333333333,0.6,0.333333333333333
2,"var_roc_mean_pha + var_roc_std_mag","SVM","Foil","No Foil","kenny",0.7,0.4,1,0.571428571428572,0.7,0.5
2,"var_roc_mean_pha + var_roc_std_mag","SVM","Foil","No Foil","matthew",0.5,0,1,NA,0.5,0
2,"var_roc_mean_pha + var_roc_std_mag","SVM","No Foil","Open","abel",0.5,0,1,NA,0.5,0
2,"var_roc_mean_pha + var_roc_std_mag","SVM","No Foil","Open","collin",0.5,0,1,NA,0.5,0
2,"var_roc_mean_pha + var_roc_std_mag","SVM","No Foil","Open","ivan",0.5,0,1,NA,0.5,0
2,"var_roc_mean_pha + var_roc_std_mag","SVM","No Foil","Open","kenny",0.5,0,1,NA,0.5,0
2,"var_roc_mean_pha + var_roc_std_mag","SVM","No Foil","Open","matthew",0.5,0,1,NA,0.5,0
2,"var_roc_mean_pha + var_roc_std_mag","SVM","No Foil","Foil","abel",0.5,1,0,0.666666666666667,0.5,0
2,"var_roc_mean_pha + var_roc_std_mag","SVM","No Foil","Foil","collin",0.9,0.8,1,0.888888888888889,0.9,0.816496580927726
2,"var_roc_mean_pha + var_roc_std_mag","SVM","No Foil","Foil","ivan",0.7,1,0.4,0.769230769230769,0.7,0.5
2,"var_roc_mean_pha + var_roc_std_mag","SVM","No Foil","Foil","kenny",0.5,1,0,0.666666666666667,0.5,0
2,"var_roc_mean_pha + var_roc_std_mag","SVM","No Foil","Foil","matthew",0.5,1,0,0.666666666666667,0.5,0
2,"var_roc_mean_pha + var_roc_std_mag","SVM","No Foil","No Foil","abel",0.5,0,1,NA,0.5,0
2,"var_roc_mean_pha + var_roc_std_mag","SVM","No Foil","No Foil","collin",0.6,0.4,0.8,0.5,0.6,0.218217890235992
2,"var_roc_mean_pha + var_roc_std_mag","SVM","No Foil","No Foil","ivan",0.5,1,0,0.666666666666667,0.5,0
2,"var_roc_mean_pha + var_roc_std_mag","SVM","No Foil","No Foil","kenny",0.7,0.6,0.8,0.666666666666667,0.7,0.408248290463863
2,"var_roc_mean_pha + var_roc_std_mag","SVM","No Foil","No Foil","matthew",0.9,0.8,1,0.888888888888889,0.9,0.816496580927726
2,"var_roc_mean_pha + var_roc_pha_coh","Logistic Regression","Open","Open","abel",1,1,1,1,1,1
2,"var_roc_mean_pha + var_roc_pha_coh","Logistic Regression","Open","Open","collin",1,1,1,1,1,1
2,"var_roc_mean_pha + var_roc_pha_coh","Logistic Regression","Open","Open","ivan",1,1,1,1,1,1
2,"var_roc_mean_pha + var_roc_pha_coh","Logistic Regression","Open","Open","kenny",1,1,1,1,1,1
2,"var_roc_mean_pha + var_roc_pha_coh","Logistic Regression","Open","Open","matthew",1,1,1,1,1,1
2,"var_roc_mean_pha + var_roc_pha_coh","Logistic Regression","Open","Foil","abel",0.5,1,0,0.666666666666667,0.5,0
2,"var_roc_mean_pha + var_roc_pha_coh","Logistic Regression","Open","Foil","collin",0.6,1,0.2,0.714285714285714,0.6,0.333333333333333
2,"var_roc_mean_pha + var_roc_pha_coh","Logistic Regression","Open","Foil","ivan",0.8,1,0.6,0.833333333333333,0.8,0.654653670707977
2,"var_roc_mean_pha + var_roc_pha_coh","Logistic Regression","Open","Foil","kenny",0.5,1,0,0.666666666666667,0.5,0
2,"var_roc_mean_pha + var_roc_pha_coh","Logistic Regression","Open","Foil","matthew",0.5,1,0,0.666666666666667,0.5,0
2,"var_roc_mean_pha + var_roc_pha_coh","Logistic Regression","Open","No Foil","abel",1,1,1,1,1,1
2,"var_roc_mean_pha + var_roc_pha_coh","Logistic Regression","Open","No Foil","collin",0.9,1,0.8,0.909090909090909,0.9,0.816496580927726
2,"var_roc_mean_pha + var_roc_pha_coh","Logistic Regression","Open","No Foil","ivan",0.5,1,0,0.666666666666667,0.5,0
2,"var_roc_mean_pha + var_roc_pha_coh","Logistic Regression","Open","No Foil","kenny",0.5,1,0,0.666666666666667,0.5,0
2,"var_roc_mean_pha + var_roc_pha_coh","Logistic Regression","Open","No Foil","matthew",0.9,1,0.8,0.909090909090909,0.9,0.816496580927726
2,"var_roc_mean_pha + var_roc_pha_coh","Logistic Regression","Foil","Open","abel",0.5,0,1,NA,0.5,0
2,"var_roc_mean_pha + var_roc_pha_coh","Logistic Regression","Foil","Open","collin",0.5,0,1,NA,0.5,0
2,"var_roc_mean_pha + var_roc_pha_coh","Logistic Regression","Foil","Open","ivan",0.5,0,1,NA,0.5,0
2,"var_roc_mean_pha + var_roc_pha_coh","Logistic Regression","Foil","Open","kenny",0.5,0,1,NA,0.5,0
2,"var_roc_mean_pha + var_roc_pha_coh","Logistic Regression","Foil","Open","matthew",0.5,0,1,NA,0.5,0
2,"var_roc_mean_pha + var_roc_pha_coh","Logistic Regression","Foil","Foil","abel",1,1,1,1,1,1
2,"var_roc_mean_pha + var_roc_pha_coh","Logistic Regression","Foil","Foil","collin",0.6,0.2,1,0.333333333333333,0.6,0.333333333333333
2,"var_roc_mean_pha + var_roc_pha_coh","Logistic Regression","Foil","Foil","ivan",0.6,0.2,1,0.333333333333333,0.6,0.333333333333333
2,"var_roc_mean_pha + var_roc_pha_coh","Logistic Regression","Foil","Foil","kenny",0.5,0,1,NA,0.5,0
2,"var_roc_mean_pha + var_roc_pha_coh","Logistic Regression","Foil","Foil","matthew",0.5,1,0,0.666666666666667,0.5,0
2,"var_roc_mean_pha + var_roc_pha_coh","Logistic Regression","Foil","No Foil","abel",0.5,0,1,NA,0.5,0
2,"var_roc_mean_pha + var_roc_pha_coh","Logistic Regression","Foil","No Foil","collin",0.7,0.4,1,0.571428571428572,0.7,0.5
2,"var_roc_mean_pha + var_roc_pha_coh","Logistic Regression","Foil","No Foil","ivan",0.5,0,1,NA,0.5,0
2,"var_roc_mean_pha + var_roc_pha_coh","Logistic Regression","Foil","No Foil","kenny",0.5,0,1,NA,0.5,0
2,"var_roc_mean_pha + var_roc_pha_coh","Logistic Regression","Foil","No Foil","matthew",0.5,0,1,NA,0.5,0
2,"var_roc_mean_pha + var_roc_pha_coh","Logistic Regression","No Foil","Open","abel",0.5,0,1,NA,0.5,0
2,"var_roc_mean_pha + var_roc_pha_coh","Logistic Regression","No Foil","Open","collin",0.5,0,1,NA,0.5,0
2,"var_roc_mean_pha + var_roc_pha_coh","Logistic Regression","No Foil","Open","ivan",0.5,0,1,NA,0.5,0
2,"var_roc_mean_pha + var_roc_pha_coh","Logistic Regression","No Foil","Open","kenny",0.8,0.6,1,0.75,0.8,0.654653670707977
2,"var_roc_mean_pha + var_roc_pha_coh","Logistic Regression","No Foil","Open","matthew",0.5,0,1,NA,0.5,0
2,"var_roc_mean_pha + var_roc_pha_coh","Logistic Regression","No Foil","Foil","abel",1,1,1,1,1,1
2,"var_roc_mean_pha + var_roc_pha_coh","Logistic Regression","No Foil","Foil","collin",0.9,0.8,1,0.888888888888889,0.9,0.816496580927726
2,"var_roc_mean_pha + var_roc_pha_coh","Logistic Regression","No Foil","Foil","ivan",0.9,1,0.8,0.909090909090909,0.9,0.816496580927726
2,"var_roc_mean_pha + var_roc_pha_coh","Logistic Regression","No Foil","Foil","kenny",1,1,1,1,1,1
2,"var_roc_mean_pha + var_roc_pha_coh","Logistic Regression","No Foil","Foil","matthew",0.5,1,0,0.666666666666667,0.5,0
2,"var_roc_mean_pha + var_roc_pha_coh","Logistic Regression","No Foil","No Foil","abel",0.5,0,1,NA,0.5,0
2,"var_roc_mean_pha + var_roc_pha_coh","Logistic Regression","No Foil","No Foil","collin",0.9,0.8,1,0.888888888888889,0.9,0.816496580927726
2,"var_roc_mean_pha + var_roc_pha_coh","Logistic Regression","No Foil","No Foil","ivan",0.5,1,0,0.666666666666667,0.5,0
2,"var_roc_mean_pha + var_roc_pha_coh","Logistic Regression","No Foil","No Foil","kenny",0.7,1,0.4,0.769230769230769,0.7,0.5
2,"var_roc_mean_pha + var_roc_pha_coh","Logistic Regression","No Foil","No Foil","matthew",0.5,0,1,NA,0.5,0
2,"var_roc_mean_pha + var_roc_pha_coh","Decision Tree","Open","Open","abel",1,1,1,1,1,1
2,"var_roc_mean_pha + var_roc_pha_coh","Decision Tree","Open","Open","collin",1,1,1,1,1,1
2,"var_roc_mean_pha + var_roc_pha_coh","Decision Tree","Open","Open","ivan",1,1,1,1,1,1
2,"var_roc_mean_pha + var_roc_pha_coh","Decision Tree","Open","Open","kenny",1,1,1,1,1,1
2,"var_roc_mean_pha + var_roc_pha_coh","Decision Tree","Open","Open","matthew",1,1,1,1,1,1
2,"var_roc_mean_pha + var_roc_pha_coh","Decision Tree","Open","Foil","abel",0.5,1,0,0.666666666666667,0.5,0
2,"var_roc_mean_pha + var_roc_pha_coh","Decision Tree","Open","Foil","collin",0.6,1,0.2,0.714285714285714,0.6,0.333333333333333
2,"var_roc_mean_pha + var_roc_pha_coh","Decision Tree","Open","Foil","ivan",0.7,1,0.4,0.769230769230769,0.7,0.5
2,"var_roc_mean_pha + var_roc_pha_coh","Decision Tree","Open","Foil","kenny",0.6,1,0.2,0.714285714285714,0.6,0.333333333333333
2,"var_roc_mean_pha + var_roc_pha_coh","Decision Tree","Open","Foil","matthew",0.5,1,0,0.666666666666667,0.5,0
2,"var_roc_mean_pha + var_roc_pha_coh","Decision Tree","Open","No Foil","abel",1,1,1,1,1,1
2,"var_roc_mean_pha + var_roc_pha_coh","Decision Tree","Open","No Foil","collin",0.9,1,0.8,0.909090909090909,0.9,0.816496580927726
2,"var_roc_mean_pha + var_roc_pha_coh","Decision Tree","Open","No Foil","ivan",0.5,1,0,0.666666666666667,0.5,0
2,"var_roc_mean_pha + var_roc_pha_coh","Decision Tree","Open","No Foil","kenny",0.5,1,0,0.666666666666667,0.5,0
2,"var_roc_mean_pha + var_roc_pha_coh","Decision Tree","Open","No Foil","matthew",1,1,1,1,1,1
2,"var_roc_mean_pha + var_roc_pha_coh","Decision Tree","Foil","Open","abel",0.5,0,1,NA,0.5,0
2,"var_roc_mean_pha + var_roc_pha_coh","Decision Tree","Foil","Open","collin",0.5,0,1,NA,0.5,0
2,"var_roc_mean_pha + var_roc_pha_coh","Decision Tree","Foil","Open","ivan",0.5,0,1,NA,0.5,0
2,"var_roc_mean_pha + var_roc_pha_coh","Decision Tree","Foil","Open","kenny",0.5,0,1,NA,0.5,0
2,"var_roc_mean_pha + var_roc_pha_coh","Decision Tree","Foil","Open","matthew",0.5,0,1,NA,0.5,0
2,"var_roc_mean_pha + var_roc_pha_coh","Decision Tree","Foil","Foil","abel",1,1,1,1,1,1
2,"var_roc_mean_pha + var_roc_pha_coh","Decision Tree","Foil","Foil","collin",0.6,0.2,1,0.333333333333333,0.6,0.333333333333333
2,"var_roc_mean_pha + var_roc_pha_coh","Decision Tree","Foil","Foil","ivan",0.5,0,1,NA,0.5,0
2,"var_roc_mean_pha + var_roc_pha_coh","Decision Tree","Foil","Foil","kenny",1,1,1,1,1,1
2,"var_roc_mean_pha + var_roc_pha_coh","Decision Tree","Foil","Foil","matthew",0.5,1,0,0.666666666666667,0.5,0
2,"var_roc_mean_pha + var_roc_pha_coh","Decision Tree","Foil","No Foil","abel",0.5,0,1,NA,0.5,0
2,"var_roc_mean_pha + var_roc_pha_coh","Decision Tree","Foil","No Foil","collin",0.7,0.4,1,0.571428571428572,0.7,0.5
2,"var_roc_mean_pha + var_roc_pha_coh","Decision Tree","Foil","No Foil","ivan",0.5,0,1,NA,0.5,0
2,"var_roc_mean_pha + var_roc_pha_coh","Decision Tree","Foil","No Foil","kenny",1,1,1,1,1,1
2,"var_roc_mean_pha + var_roc_pha_coh","Decision Tree","Foil","No Foil","matthew",0.5,0,1,NA,0.5,0
2,"var_roc_mean_pha + var_roc_pha_coh","Decision Tree","No Foil","Open","abel",0.5,0,1,NA,0.5,0
2,"var_roc_mean_pha + var_roc_pha_coh","Decision Tree","No Foil","Open","collin",1,1,1,1,1,1
2,"var_roc_mean_pha + var_roc_pha_coh","Decision Tree","No Foil","Open","ivan",1,1,1,1,1,1
2,"var_roc_mean_pha + var_roc_pha_coh","Decision Tree","No Foil","Open","kenny",1,1,1,1,1,1
2,"var_roc_mean_pha + var_roc_pha_coh","Decision Tree","No Foil","Open","matthew",0.5,0,1,NA,0.5,0
2,"var_roc_mean_pha + var_roc_pha_coh","Decision Tree","No Foil","Foil","abel",0.8,1,0.6,0.833333333333333,0.8,0.654653670707977
2,"var_roc_mean_pha + var_roc_pha_coh","Decision Tree","No Foil","Foil","collin",0.6,1,0.2,0.714285714285714,0.6,0.333333333333333
2,"var_roc_mean_pha + var_roc_pha_coh","Decision Tree","No Foil","Foil","ivan",0.7,1,0.4,0.769230769230769,0.7,0.5
2,"var_roc_mean_pha + var_roc_pha_coh","Decision Tree","No Foil","Foil","kenny",0.6,1,0.2,0.714285714285714,0.6,0.333333333333333
2,"var_roc_mean_pha + var_roc_pha_coh","Decision Tree","No Foil","Foil","matthew",0.5,1,0,0.666666666666667,0.5,0
2,"var_roc_mean_pha + var_roc_pha_coh","Decision Tree","No Foil","No Foil","abel",0.5,0,1,NA,0.5,0
2,"var_roc_mean_pha + var_roc_pha_coh","Decision Tree","No Foil","No Foil","collin",0.8,0.8,0.8,0.8,0.8,0.6
2,"var_roc_mean_pha + var_roc_pha_coh","Decision Tree","No Foil","No Foil","ivan",0.5,1,0,0.666666666666667,0.5,0
2,"var_roc_mean_pha + var_roc_pha_coh","Decision Tree","No Foil","No Foil","kenny",0.5,1,0,0.666666666666667,0.5,0
2,"var_roc_mean_pha + var_roc_pha_coh","Decision Tree","No Foil","No Foil","matthew",0.5,0,1,NA,0.5,0
2,"var_roc_mean_pha + var_roc_pha_coh","Random Forest","Open","Open","abel",1,1,1,1,1,1
2,"var_roc_mean_pha + var_roc_pha_coh","Random Forest","Open","Open","collin",1,1,1,1,1,1
2,"var_roc_mean_pha + var_roc_pha_coh","Random Forest","Open","Open","ivan",1,1,1,1,1,1
2,"var_roc_mean_pha + var_roc_pha_coh","Random Forest","Open","Open","kenny",1,1,1,1,1,1
2,"var_roc_mean_pha + var_roc_pha_coh","Random Forest","Open","Open","matthew",1,1,1,1,1,1
2,"var_roc_mean_pha + var_roc_pha_coh","Random Forest","Open","Foil","abel",0.5,1,0,0.666666666666667,0.5,0
2,"var_roc_mean_pha + var_roc_pha_coh","Random Forest","Open","Foil","collin",0.6,1,0.2,0.714285714285714,0.6,0.333333333333333
2,"var_roc_mean_pha + var_roc_pha_coh","Random Forest","Open","Foil","ivan",0.7,1,0.4,0.769230769230769,0.7,0.5
2,"var_roc_mean_pha + var_roc_pha_coh","Random Forest","Open","Foil","kenny",0.5,1,0,0.666666666666667,0.5,0
2,"var_roc_mean_pha + var_roc_pha_coh","Random Forest","Open","Foil","matthew",0.5,1,0,0.666666666666667,0.5,0
2,"var_roc_mean_pha + var_roc_pha_coh","Random Forest","Open","No Foil","abel",1,1,1,1,1,1
2,"var_roc_mean_pha + var_roc_pha_coh","Random Forest","Open","No Foil","collin",0.9,1,0.8,0.909090909090909,0.9,0.816496580927726
2,"var_roc_mean_pha + var_roc_pha_coh","Random Forest","Open","No Foil","ivan",0.5,1,0,0.666666666666667,0.5,0
2,"var_roc_mean_pha + var_roc_pha_coh","Random Forest","Open","No Foil","kenny",0.5,1,0,0.666666666666667,0.5,0
2,"var_roc_mean_pha + var_roc_pha_coh","Random Forest","Open","No Foil","matthew",1,1,1,1,1,1
2,"var_roc_mean_pha + var_roc_pha_coh","Random Forest","Foil","Open","abel",0.5,0,1,NA,0.5,0
2,"var_roc_mean_pha + var_roc_pha_coh","Random Forest","Foil","Open","collin",0.5,0,1,NA,0.5,0
2,"var_roc_mean_pha + var_roc_pha_coh","Random Forest","Foil","Open","ivan",0.5,0,1,NA,0.5,0
2,"var_roc_mean_pha + var_roc_pha_coh","Random Forest","Foil","Open","kenny",0.5,0,1,NA,0.5,0
2,"var_roc_mean_pha + var_roc_pha_coh","Random Forest","Foil","Open","matthew",0.5,0,1,NA,0.5,0
2,"var_roc_mean_pha + var_roc_pha_coh","Random Forest","Foil","Foil","abel",1,1,1,1,1,1
2,"var_roc_mean_pha + var_roc_pha_coh","Random Forest","Foil","Foil","collin",0.6,0.2,1,0.333333333333333,0.6,0.333333333333333
2,"var_roc_mean_pha + var_roc_pha_coh","Random Forest","Foil","Foil","ivan",0.5,0,1,NA,0.5,0
2,"var_roc_mean_pha + var_roc_pha_coh","Random Forest","Foil","Foil","kenny",1,1,1,1,1,1
2,"var_roc_mean_pha + var_roc_pha_coh","Random Forest","Foil","Foil","matthew",0.5,1,0,0.666666666666667,0.5,0
2,"var_roc_mean_pha + var_roc_pha_coh","Random Forest","Foil","No Foil","abel",0.5,0,1,NA,0.5,0
2,"var_roc_mean_pha + var_roc_pha_coh","Random Forest","Foil","No Foil","collin",0.7,0.4,1,0.571428571428572,0.7,0.5
2,"var_roc_mean_pha + var_roc_pha_coh","Random Forest","Foil","No Foil","ivan",0.5,0,1,NA,0.5,0
2,"var_roc_mean_pha + var_roc_pha_coh","Random Forest","Foil","No Foil","kenny",1,1,1,1,1,1
2,"var_roc_mean_pha + var_roc_pha_coh","Random Forest","Foil","No Foil","matthew",0.5,0,1,NA,0.5,0
2,"var_roc_mean_pha + var_roc_pha_coh","Random Forest","No Foil","Open","abel",0.5,0,1,NA,0.5,0
2,"var_roc_mean_pha + var_roc_pha_coh","Random Forest","No Foil","Open","collin",1,1,1,1,1,1
2,"var_roc_mean_pha + var_roc_pha_coh","Random Forest","No Foil","Open","ivan",1,1,1,1,1,1
2,"var_roc_mean_pha + var_roc_pha_coh","Random Forest","No Foil","Open","kenny",0.7,0.4,1,0.571428571428572,0.7,0.5
2,"var_roc_mean_pha + var_roc_pha_coh","Random Forest","No Foil","Open","matthew",0.9,0.8,1,0.888888888888889,0.9,0.816496580927726
2,"var_roc_mean_pha + var_roc_pha_coh","Random Forest","No Foil","Foil","abel",0.6,1,0.2,0.714285714285714,0.6,0.333333333333333
2,"var_roc_mean_pha + var_roc_pha_coh","Random Forest","No Foil","Foil","collin",0.6,1,0.2,0.714285714285714,0.6,0.333333333333333
2,"var_roc_mean_pha + var_roc_pha_coh","Random Forest","No Foil","Foil","ivan",0.7,1,0.4,0.769230769230769,0.7,0.5
2,"var_roc_mean_pha + var_roc_pha_coh","Random Forest","No Foil","Foil","kenny",0.6,1,0.2,0.714285714285714,0.6,0.333333333333333
2,"var_roc_mean_pha + var_roc_pha_coh","Random Forest","No Foil","Foil","matthew",0.5,1,0,0.666666666666667,0.5,0
2,"var_roc_mean_pha + var_roc_pha_coh","Random Forest","No Foil","No Foil","abel",0.5,0,1,NA,0.5,0
2,"var_roc_mean_pha + var_roc_pha_coh","Random Forest","No Foil","No Foil","collin",0.7,0.6,0.8,0.666666666666667,0.7,0.408248290463863
2,"var_roc_mean_pha + var_roc_pha_coh","Random Forest","No Foil","No Foil","ivan",0.5,1,0,0.666666666666667,0.5,0
2,"var_roc_mean_pha + var_roc_pha_coh","Random Forest","No Foil","No Foil","kenny",0.7,1,0.4,0.769230769230769,0.7,0.5
2,"var_roc_mean_pha + var_roc_pha_coh","Random Forest","No Foil","No Foil","matthew",0.2,0,0.4,NA,0.2,-0.654653670707977
2,"var_roc_mean_pha + var_roc_pha_coh","SVM","Open","Open","abel",1,1,1,1,1,1
2,"var_roc_mean_pha + var_roc_pha_coh","SVM","Open","Open","collin",1,1,1,1,1,1
2,"var_roc_mean_pha + var_roc_pha_coh","SVM","Open","Open","ivan",1,1,1,1,1,1
2,"var_roc_mean_pha + var_roc_pha_coh","SVM","Open","Open","kenny",1,1,1,1,1,1
2,"var_roc_mean_pha + var_roc_pha_coh","SVM","Open","Open","matthew",1,1,1,1,1,1
2,"var_roc_mean_pha + var_roc_pha_coh","SVM","Open","Foil","abel",0.5,1,0,0.666666666666667,0.5,0
2,"var_roc_mean_pha + var_roc_pha_coh","SVM","Open","Foil","collin",0.6,1,0.2,0.714285714285714,0.6,0.333333333333333
2,"var_roc_mean_pha + var_roc_pha_coh","SVM","Open","Foil","ivan",0.7,1,0.4,0.769230769230769,0.7,0.5
2,"var_roc_mean_pha + var_roc_pha_coh","SVM","Open","Foil","kenny",0.5,1,0,0.666666666666667,0.5,0
2,"var_roc_mean_pha + var_roc_pha_coh","SVM","Open","Foil","matthew",0.5,1,0,0.666666666666667,0.5,0
2,"var_roc_mean_pha + var_roc_pha_coh","SVM","Open","No Foil","abel",0.9,0.8,1,0.888888888888889,0.9,0.816496580927726
2,"var_roc_mean_pha + var_roc_pha_coh","SVM","Open","No Foil","collin",0.9,1,0.8,0.909090909090909,0.9,0.816496580927726
2,"var_roc_mean_pha + var_roc_pha_coh","SVM","Open","No Foil","ivan",0.5,1,0,0.666666666666667,0.5,0
2,"var_roc_mean_pha + var_roc_pha_coh","SVM","Open","No Foil","kenny",0.5,1,0,0.666666666666667,0.5,0
2,"var_roc_mean_pha + var_roc_pha_coh","SVM","Open","No Foil","matthew",1,1,1,1,1,1
2,"var_roc_mean_pha + var_roc_pha_coh","SVM","Foil","Open","abel",0.5,0,1,NA,0.5,0
2,"var_roc_mean_pha + var_roc_pha_coh","SVM","Foil","Open","collin",0.5,0,1,NA,0.5,0
2,"var_roc_mean_pha + var_roc_pha_coh","SVM","Foil","Open","ivan",0.5,0,1,NA,0.5,0
2,"var_roc_mean_pha + var_roc_pha_coh","SVM","Foil","Open","kenny",0.5,1,0,0.666666666666667,0.5,0
2,"var_roc_mean_pha + var_roc_pha_coh","SVM","Foil","Open","matthew",0.5,1,0,0.666666666666667,0.5,0
2,"var_roc_mean_pha + var_roc_pha_coh","SVM","Foil","Foil","abel",1,1,1,1,1,1
2,"var_roc_mean_pha + var_roc_pha_coh","SVM","Foil","Foil","collin",0.7,0.4,1,0.571428571428572,0.7,0.5
2,"var_roc_mean_pha + var_roc_pha_coh","SVM","Foil","Foil","ivan",0.6,0.2,1,0.333333333333333,0.6,0.333333333333333
2,"var_roc_mean_pha + var_roc_pha_coh","SVM","Foil","Foil","kenny",0.5,1,0,0.666666666666667,0.5,0
2,"var_roc_mean_pha + var_roc_pha_coh","SVM","Foil","Foil","matthew",0.5,1,0,0.666666666666667,0.5,0
2,"var_roc_mean_pha + var_roc_pha_coh","SVM","Foil","No Foil","abel",0.5,0,1,NA,0.5,0
2,"var_roc_mean_pha + var_roc_pha_coh","SVM","Foil","No Foil","collin",0.6,0.2,1,0.333333333333333,0.6,0.333333333333333
2,"var_roc_mean_pha + var_roc_pha_coh","SVM","Foil","No Foil","ivan",0.5,0,1,NA,0.5,0
2,"var_roc_mean_pha + var_roc_pha_coh","SVM","Foil","No Foil","kenny",0.5,1,0,0.666666666666667,0.5,0
2,"var_roc_mean_pha + var_roc_pha_coh","SVM","Foil","No Foil","matthew",0.5,1,0,0.666666666666667,0.5,0
2,"var_roc_mean_pha + var_roc_pha_coh","SVM","No Foil","Open","abel",0.5,0,1,NA,0.5,0
2,"var_roc_mean_pha + var_roc_pha_coh","SVM","No Foil","Open","collin",0.5,0,1,NA,0.5,0
2,"var_roc_mean_pha + var_roc_pha_coh","SVM","No Foil","Open","ivan",0.5,0,1,NA,0.5,0
2,"var_roc_mean_pha + var_roc_pha_coh","SVM","No Foil","Open","kenny",0.5,0,1,NA,0.5,0
2,"var_roc_mean_pha + var_roc_pha_coh","SVM","No Foil","Open","matthew",0.5,0,1,NA,0.5,0
2,"var_roc_mean_pha + var_roc_pha_coh","SVM","No Foil","Foil","abel",1,1,1,1,1,1
2,"var_roc_mean_pha + var_roc_pha_coh","SVM","No Foil","Foil","collin",0.9,0.8,1,0.888888888888889,0.9,0.816496580927726
2,"var_roc_mean_pha + var_roc_pha_coh","SVM","No Foil","Foil","ivan",1,1,1,1,1,1
2,"var_roc_mean_pha + var_roc_pha_coh","SVM","No Foil","Foil","kenny",1,1,1,1,1,1
2,"var_roc_mean_pha + var_roc_pha_coh","SVM","No Foil","Foil","matthew",0.5,1,0,0.666666666666667,0.5,0
2,"var_roc_mean_pha + var_roc_pha_coh","SVM","No Foil","No Foil","abel",0.5,0,1,NA,0.5,0
2,"var_roc_mean_pha + var_roc_pha_coh","SVM","No Foil","No Foil","collin",0.7,0.6,0.8,0.666666666666667,0.7,0.408248290463863
2,"var_roc_mean_pha + var_roc_pha_coh","SVM","No Foil","No Foil","ivan",0.9,1,0.8,0.909090909090909,0.9,0.816496580927726
2,"var_roc_mean_pha + var_roc_pha_coh","SVM","No Foil","No Foil","kenny",0.8,1,0.6,0.833333333333333,0.8,0.654653670707977
2,"var_roc_mean_pha + var_roc_pha_coh","SVM","No Foil","No Foil","matthew",0.5,0,1,NA,0.5,0
2,"var_roc_std_mag + var_roc_pha_coh","Logistic Regression","Open","Open","abel",1,1,1,1,1,1
2,"var_roc_std_mag + var_roc_pha_coh","Logistic Regression","Open","Open","collin",1,1,1,1,1,1
2,"var_roc_std_mag + var_roc_pha_coh","Logistic Regression","Open","Open","ivan",1,1,1,1,1,1
2,"var_roc_std_mag + var_roc_pha_coh","Logistic Regression","Open","Open","kenny",1,1,1,1,1,1
2,"var_roc_std_mag + var_roc_pha_coh","Logistic Regression","Open","Open","matthew",0.9,0.8,1,0.888888888888889,0.9,0.816496580927726
2,"var_roc_std_mag + var_roc_pha_coh","Logistic Regression","Open","Foil","abel",0.7,1,0.4,0.769230769230769,0.7,0.5
2,"var_roc_std_mag + var_roc_pha_coh","Logistic Regression","Open","Foil","collin",0.9,1,0.8,0.909090909090909,0.9,0.816496580927726
2,"var_roc_std_mag + var_roc_pha_coh","Logistic Regression","Open","Foil","ivan",0.8,1,0.6,0.833333333333333,0.8,0.654653670707977
2,"var_roc_std_mag + var_roc_pha_coh","Logistic Regression","Open","Foil","kenny",0.9,1,0.8,0.909090909090909,0.9,0.816496580927726
2,"var_roc_std_mag + var_roc_pha_coh","Logistic Regression","Open","Foil","matthew",0.5,1,0,0.666666666666667,0.5,0
2,"var_roc_std_mag + var_roc_pha_coh","Logistic Regression","Open","No Foil","abel",1,1,1,1,1,1
2,"var_roc_std_mag + var_roc_pha_coh","Logistic Regression","Open","No Foil","collin",0.8,1,0.6,0.833333333333333,0.8,0.654653670707977
2,"var_roc_std_mag + var_roc_pha_coh","Logistic Regression","Open","No Foil","ivan",0.5,1,0,0.666666666666667,0.5,0
2,"var_roc_std_mag + var_roc_pha_coh","Logistic Regression","Open","No Foil","kenny",0.5,1,0,0.666666666666667,0.5,0
2,"var_roc_std_mag + var_roc_pha_coh","Logistic Regression","Open","No Foil","matthew",0.8,1,0.6,0.833333333333333,0.8,0.654653670707977
2,"var_roc_std_mag + var_roc_pha_coh","Logistic Regression","Foil","Open","abel",0.5,0,1,NA,0.5,0
2,"var_roc_std_mag + var_roc_pha_coh","Logistic Regression","Foil","Open","collin",0.5,0,1,NA,0.5,0
2,"var_roc_std_mag + var_roc_pha_coh","Logistic Regression","Foil","Open","ivan",0.5,0,1,NA,0.5,0
2,"var_roc_std_mag + var_roc_pha_coh","Logistic Regression","Foil","Open","kenny",0.5,0,1,NA,0.5,0
2,"var_roc_std_mag + var_roc_pha_coh","Logistic Regression","Foil","Open","matthew",0.5,0,1,NA,0.5,0
2,"var_roc_std_mag + var_roc_pha_coh","Logistic Regression","Foil","Foil","abel",1,1,1,1,1,1
2,"var_roc_std_mag + var_roc_pha_coh","Logistic Regression","Foil","Foil","collin",0.9,0.8,1,0.888888888888889,0.9,0.816496580927726
2,"var_roc_std_mag + var_roc_pha_coh","Logistic Regression","Foil","Foil","ivan",1,1,1,1,1,1
2,"var_roc_std_mag + var_roc_pha_coh","Logistic Regression","Foil","Foil","kenny",1,1,1,1,1,1
2,"var_roc_std_mag + var_roc_pha_coh","Logistic Regression","Foil","Foil","matthew",0.5,1,0,0.666666666666667,0.5,0
2,"var_roc_std_mag + var_roc_pha_coh","Logistic Regression","Foil","No Foil","abel",0.5,0,1,NA,0.5,0
2,"var_roc_std_mag + var_roc_pha_coh","Logistic Regression","Foil","No Foil","collin",0.5,0,1,NA,0.5,0
2,"var_roc_std_mag + var_roc_pha_coh","Logistic Regression","Foil","No Foil","ivan",0.8,0.6,1,0.75,0.8,0.654653670707977
2,"var_roc_std_mag + var_roc_pha_coh","Logistic Regression","Foil","No Foil","kenny",0.7,0.4,1,0.571428571428572,0.7,0.5
2,"var_roc_std_mag + var_roc_pha_coh","Logistic Regression","Foil","No Foil","matthew",0.5,0,1,NA,0.5,0
2,"var_roc_std_mag + var_roc_pha_coh","Logistic Regression","No Foil","Open","abel",0.5,0,1,NA,0.5,0
2,"var_roc_std_mag + var_roc_pha_coh","Logistic Regression","No Foil","Open","collin",0.5,0,1,NA,0.5,0
2,"var_roc_std_mag + var_roc_pha_coh","Logistic Regression","No Foil","Open","ivan",0.5,0,1,NA,0.5,0
2,"var_roc_std_mag + var_roc_pha_coh","Logistic Regression","No Foil","Open","kenny",0.8,0.6,1,0.75,0.8,0.654653670707977
2,"var_roc_std_mag + var_roc_pha_coh","Logistic Regression","No Foil","Open","matthew",0.5,0,1,NA,0.5,0
2,"var_roc_std_mag + var_roc_pha_coh","Logistic Regression","No Foil","Foil","abel",0.6,1,0.2,0.714285714285714,0.6,0.333333333333333
2,"var_roc_std_mag + var_roc_pha_coh","Logistic Regression","No Foil","Foil","collin",0.9,0.8,1,0.888888888888889,0.9,0.816496580927726
2,"var_roc_std_mag + var_roc_pha_coh","Logistic Regression","No Foil","Foil","ivan",0.8,1,0.6,0.833333333333333,0.8,0.654653670707977
2,"var_roc_std_mag + var_roc_pha_coh","Logistic Regression","No Foil","Foil","kenny",0.7,1,0.4,0.769230769230769,0.7,0.5
2,"var_roc_std_mag + var_roc_pha_coh","Logistic Regression","No Foil","Foil","matthew",0.5,1,0,0.666666666666667,0.5,0
2,"var_roc_std_mag + var_roc_pha_coh","Logistic Regression","No Foil","No Foil","abel",0.5,0,1,NA,0.5,0
2,"var_roc_std_mag + var_roc_pha_coh","Logistic Regression","No Foil","No Foil","collin",0.8,0.6,1,0.75,0.8,0.654653670707977
2,"var_roc_std_mag + var_roc_pha_coh","Logistic Regression","No Foil","No Foil","ivan",0.5,1,0,0.666666666666667,0.5,0
2,"var_roc_std_mag + var_roc_pha_coh","Logistic Regression","No Foil","No Foil","kenny",0.8,1,0.6,0.833333333333333,0.8,0.654653670707977
2,"var_roc_std_mag + var_roc_pha_coh","Logistic Regression","No Foil","No Foil","matthew",0.5,0,1,NA,0.5,0
2,"var_roc_std_mag + var_roc_pha_coh","Decision Tree","Open","Open","abel",1,1,1,1,1,1
2,"var_roc_std_mag + var_roc_pha_coh","Decision Tree","Open","Open","collin",1,1,1,1,1,1
2,"var_roc_std_mag + var_roc_pha_coh","Decision Tree","Open","Open","ivan",1,1,1,1,1,1
2,"var_roc_std_mag + var_roc_pha_coh","Decision Tree","Open","Open","kenny",1,1,1,1,1,1
2,"var_roc_std_mag + var_roc_pha_coh","Decision Tree","Open","Open","matthew",0.9,0.8,1,0.888888888888889,0.9,0.816496580927726
2,"var_roc_std_mag + var_roc_pha_coh","Decision Tree","Open","Foil","abel",0.5,1,0,0.666666666666667,0.5,0
2,"var_roc_std_mag + var_roc_pha_coh","Decision Tree","Open","Foil","collin",0.6,1,0.2,0.714285714285714,0.6,0.333333333333333
2,"var_roc_std_mag + var_roc_pha_coh","Decision Tree","Open","Foil","ivan",0.5,1,0,0.666666666666667,0.5,0
2,"var_roc_std_mag + var_roc_pha_coh","Decision Tree","Open","Foil","kenny",0.5,1,0,0.666666666666667,0.5,0
2,"var_roc_std_mag + var_roc_pha_coh","Decision Tree","Open","Foil","matthew",0.5,1,0,0.666666666666667,0.5,0
2,"var_roc_std_mag + var_roc_pha_coh","Decision Tree","Open","No Foil","abel",1,1,1,1,1,1
2,"var_roc_std_mag + var_roc_pha_coh","Decision Tree","Open","No Foil","collin",0.9,1,0.8,0.909090909090909,0.9,0.816496580927726
2,"var_roc_std_mag + var_roc_pha_coh","Decision Tree","Open","No Foil","ivan",0.5,1,0,0.666666666666667,0.5,0
2,"var_roc_std_mag + var_roc_pha_coh","Decision Tree","Open","No Foil","kenny",0.6,1,0.2,0.714285714285714,0.6,0.333333333333333
2,"var_roc_std_mag + var_roc_pha_coh","Decision Tree","Open","No Foil","matthew",0.7,1,0.4,0.769230769230769,0.7,0.5
2,"var_roc_std_mag + var_roc_pha_coh","Decision Tree","Foil","Open","abel",0.5,0,1,NA,0.5,0
2,"var_roc_std_mag + var_roc_pha_coh","Decision Tree","Foil","Open","collin",0.5,0,1,NA,0.5,0
2,"var_roc_std_mag + var_roc_pha_coh","Decision Tree","Foil","Open","ivan",0.5,0,1,NA,0.5,0
2,"var_roc_std_mag + var_roc_pha_coh","Decision Tree","Foil","Open","kenny",0.5,0,1,NA,0.5,0
2,"var_roc_std_mag + var_roc_pha_coh","Decision Tree","Foil","Open","matthew",0.5,0,1,NA,0.5,0
2,"var_roc_std_mag + var_roc_pha_coh","Decision Tree","Foil","Foil","abel",1,1,1,1,1,1
2,"var_roc_std_mag + var_roc_pha_coh","Decision Tree","Foil","Foil","collin",0.9,0.8,1,0.888888888888889,0.9,0.816496580927726
2,"var_roc_std_mag + var_roc_pha_coh","Decision Tree","Foil","Foil","ivan",1,1,1,1,1,1
2,"var_roc_std_mag + var_roc_pha_coh","Decision Tree","Foil","Foil","kenny",1,1,1,1,1,1
2,"var_roc_std_mag + var_roc_pha_coh","Decision Tree","Foil","Foil","matthew",1,1,1,1,1,1
2,"var_roc_std_mag + var_roc_pha_coh","Decision Tree","Foil","No Foil","abel",0.5,0,1,NA,0.5,0
2,"var_roc_std_mag + var_roc_pha_coh","Decision Tree","Foil","No Foil","collin",0.5,0,1,NA,0.5,0
2,"var_roc_std_mag + var_roc_pha_coh","Decision Tree","Foil","No Foil","ivan",0.6,0.2,1,0.333333333333333,0.6,0.333333333333333
2,"var_roc_std_mag + var_roc_pha_coh","Decision Tree","Foil","No Foil","kenny",0.7,0.4,1,0.571428571428572,0.7,0.5
2,"var_roc_std_mag + var_roc_pha_coh","Decision Tree","Foil","No Foil","matthew",0.5,0,1,NA,0.5,0
2,"var_roc_std_mag + var_roc_pha_coh","Decision Tree","No Foil","Open","abel",0.5,0,1,NA,0.5,0
2,"var_roc_std_mag + var_roc_pha_coh","Decision Tree","No Foil","Open","collin",0.5,0,1,NA,0.5,0
2,"var_roc_std_mag + var_roc_pha_coh","Decision Tree","No Foil","Open","ivan",1,1,1,1,1,1
2,"var_roc_std_mag + var_roc_pha_coh","Decision Tree","No Foil","Open","kenny",1,1,1,1,1,1
2,"var_roc_std_mag + var_roc_pha_coh","Decision Tree","No Foil","Open","matthew",0.5,0,1,NA,0.5,0
2,"var_roc_std_mag + var_roc_pha_coh","Decision Tree","No Foil","Foil","abel",0.5,1,0,0.666666666666667,0.5,0
2,"var_roc_std_mag + var_roc_pha_coh","Decision Tree","No Foil","Foil","collin",0.9,0.8,1,0.888888888888889,0.9,0.816496580927726
2,"var_roc_std_mag + var_roc_pha_coh","Decision Tree","No Foil","Foil","ivan",0.5,1,0,0.666666666666667,0.5,0
2,"var_roc_std_mag + var_roc_pha_coh","Decision Tree","No Foil","Foil","kenny",0.5,1,0,0.666666666666667,0.5,0
2,"var_roc_std_mag + var_roc_pha_coh","Decision Tree","No Foil","Foil","matthew",0.5,1,0,0.666666666666667,0.5,0
2,"var_roc_std_mag + var_roc_pha_coh","Decision Tree","No Foil","No Foil","abel",0.5,0,1,NA,0.5,0
2,"var_roc_std_mag + var_roc_pha_coh","Decision Tree","No Foil","No Foil","collin",0.5,0,1,NA,0.5,0
2,"var_roc_std_mag + var_roc_pha_coh","Decision Tree","No Foil","No Foil","ivan",0.5,1,0,0.666666666666667,0.5,0
2,"var_roc_std_mag + var_roc_pha_coh","Decision Tree","No Foil","No Foil","kenny",0.5,1,0,0.666666666666667,0.5,0
2,"var_roc_std_mag + var_roc_pha_coh","Decision Tree","No Foil","No Foil","matthew",0.5,0,1,NA,0.5,0
2,"var_roc_std_mag + var_roc_pha_coh","Random Forest","Open","Open","abel",1,1,1,1,1,1
2,"var_roc_std_mag + var_roc_pha_coh","Random Forest","Open","Open","collin",1,1,1,1,1,1
2,"var_roc_std_mag + var_roc_pha_coh","Random Forest","Open","Open","ivan",1,1,1,1,1,1
2,"var_roc_std_mag + var_roc_pha_coh","Random Forest","Open","Open","kenny",1,1,1,1,1,1
2,"var_roc_std_mag + var_roc_pha_coh","Random Forest","Open","Open","matthew",0.9,0.8,1,0.888888888888889,0.9,0.816496580927726
2,"var_roc_std_mag + var_roc_pha_coh","Random Forest","Open","Foil","abel",0.5,1,0,0.666666666666667,0.5,0
2,"var_roc_std_mag + var_roc_pha_coh","Random Forest","Open","Foil","collin",0.7,1,0.4,0.769230769230769,0.7,0.5
2,"var_roc_std_mag + var_roc_pha_coh","Random Forest","Open","Foil","ivan",0.5,1,0,0.666666666666667,0.5,0
2,"var_roc_std_mag + var_roc_pha_coh","Random Forest","Open","Foil","kenny",0.5,1,0,0.666666666666667,0.5,0
2,"var_roc_std_mag + var_roc_pha_coh","Random Forest","Open","Foil","matthew",0.5,1,0,0.666666666666667,0.5,0
2,"var_roc_std_mag + var_roc_pha_coh","Random Forest","Open","No Foil","abel",1,1,1,1,1,1
2,"var_roc_std_mag + var_roc_pha_coh","Random Forest","Open","No Foil","collin",0.9,1,0.8,0.909090909090909,0.9,0.816496580927726
2,"var_roc_std_mag + var_roc_pha_coh","Random Forest","Open","No Foil","ivan",0.5,1,0,0.666666666666667,0.5,0
2,"var_roc_std_mag + var_roc_pha_coh","Random Forest","Open","No Foil","kenny",0.6,1,0.2,0.714285714285714,0.6,0.333333333333333
2,"var_roc_std_mag + var_roc_pha_coh","Random Forest","Open","No Foil","matthew",1,1,1,1,1,1
2,"var_roc_std_mag + var_roc_pha_coh","Random Forest","Foil","Open","abel",0.5,0,1,NA,0.5,0
2,"var_roc_std_mag + var_roc_pha_coh","Random Forest","Foil","Open","collin",0.5,0,1,NA,0.5,0
2,"var_roc_std_mag + var_roc_pha_coh","Random Forest","Foil","Open","ivan",0.7,0.4,1,0.571428571428572,0.7,0.5
2,"var_roc_std_mag + var_roc_pha_coh","Random Forest","Foil","Open","kenny",0.5,0,1,NA,0.5,0
2,"var_roc_std_mag + var_roc_pha_coh","Random Forest","Foil","Open","matthew",0.6,0.2,1,0.333333333333333,0.6,0.333333333333333
2,"var_roc_std_mag + var_roc_pha_coh","Random Forest","Foil","Foil","abel",1,1,1,1,1,1
2,"var_roc_std_mag + var_roc_pha_coh","Random Forest","Foil","Foil","collin",0.7,0.4,1,0.571428571428572,0.7,0.5
2,"var_roc_std_mag + var_roc_pha_coh","Random Forest","Foil","Foil","ivan",1,1,1,1,1,1
2,"var_roc_std_mag + var_roc_pha_coh","Random Forest","Foil","Foil","kenny",1,1,1,1,1,1
2,"var_roc_std_mag + var_roc_pha_coh","Random Forest","Foil","Foil","matthew",0.5,1,0,0.666666666666667,0.5,0
2,"var_roc_std_mag + var_roc_pha_coh","Random Forest","Foil","No Foil","abel",0.5,0,1,NA,0.5,0
2,"var_roc_std_mag + var_roc_pha_coh","Random Forest","Foil","No Foil","collin",0.5,0,1,NA,0.5,0
2,"var_roc_std_mag + var_roc_pha_coh","Random Forest","Foil","No Foil","ivan",0.7,0.4,1,0.571428571428572,0.7,0.5
2,"var_roc_std_mag + var_roc_pha_coh","Random Forest","Foil","No Foil","kenny",0.8,0.6,1,0.75,0.8,0.654653670707977
2,"var_roc_std_mag + var_roc_pha_coh","Random Forest","Foil","No Foil","matthew",0.5,0,1,NA,0.5,0
2,"var_roc_std_mag + var_roc_pha_coh","Random Forest","No Foil","Open","abel",0.7,0.4,1,0.571428571428572,0.7,0.5
2,"var_roc_std_mag + var_roc_pha_coh","Random Forest","No Foil","Open","collin",1,1,1,1,1,1
2,"var_roc_std_mag + var_roc_pha_coh","Random Forest","No Foil","Open","ivan",1,1,1,1,1,1
2,"var_roc_std_mag + var_roc_pha_coh","Random Forest","No Foil","Open","kenny",0.8,0.6,1,0.75,0.8,0.654653670707977
2,"var_roc_std_mag + var_roc_pha_coh","Random Forest","No Foil","Open","matthew",0.9,0.8,1,0.888888888888889,0.9,0.816496580927726
2,"var_roc_std_mag + var_roc_pha_coh","Random Forest","No Foil","Foil","abel",0.6,1,0.2,0.714285714285714,0.6,0.333333333333333
2,"var_roc_std_mag + var_roc_pha_coh","Random Forest","No Foil","Foil","collin",0.8,1,0.6,0.833333333333333,0.8,0.654653670707977
2,"var_roc_std_mag + var_roc_pha_coh","Random Forest","No Foil","Foil","ivan",0.5,1,0,0.666666666666667,0.5,0
2,"var_roc_std_mag + var_roc_pha_coh","Random Forest","No Foil","Foil","kenny",0.9,1,0.8,0.909090909090909,0.9,0.816496580927726
2,"var_roc_std_mag + var_roc_pha_coh","Random Forest","No Foil","Foil","matthew",0.5,1,0,0.666666666666667,0.5,0
2,"var_roc_std_mag + var_roc_pha_coh","Random Forest","No Foil","No Foil","abel",0.5,0,1,NA,0.5,0
2,"var_roc_std_mag + var_roc_pha_coh","Random Forest","No Foil","No Foil","collin",0.8,0.8,0.8,0.8,0.8,0.6
2,"var_roc_std_mag + var_roc_pha_coh","Random Forest","No Foil","No Foil","ivan",0.5,1,0,0.666666666666667,0.5,0
2,"var_roc_std_mag + var_roc_pha_coh","Random Forest","No Foil","No Foil","kenny",0.8,1,0.6,0.833333333333333,0.8,0.654653670707977
2,"var_roc_std_mag + var_roc_pha_coh","Random Forest","No Foil","No Foil","matthew",0.3,0,0.6,NA,0.3,-0.5
2,"var_roc_std_mag + var_roc_pha_coh","SVM","Open","Open","abel",1,1,1,1,1,1
2,"var_roc_std_mag + var_roc_pha_coh","SVM","Open","Open","collin",1,1,1,1,1,1
2,"var_roc_std_mag + var_roc_pha_coh","SVM","Open","Open","ivan",1,1,1,1,1,1
2,"var_roc_std_mag + var_roc_pha_coh","SVM","Open","Open","kenny",1,1,1,1,1,1
2,"var_roc_std_mag + var_roc_pha_coh","SVM","Open","Open","matthew",0.9,0.8,1,0.888888888888889,0.9,0.816496580927726
2,"var_roc_std_mag + var_roc_pha_coh","SVM","Open","Foil","abel",0.5,1,0,0.666666666666667,0.5,0
2,"var_roc_std_mag + var_roc_pha_coh","SVM","Open","Foil","collin",0.7,1,0.4,0.769230769230769,0.7,0.5
2,"var_roc_std_mag + var_roc_pha_coh","SVM","Open","Foil","ivan",0.5,1,0,0.666666666666667,0.5,0
2,"var_roc_std_mag + var_roc_pha_coh","SVM","Open","Foil","kenny",0.5,1,0,0.666666666666667,0.5,0
2,"var_roc_std_mag + var_roc_pha_coh","SVM","Open","Foil","matthew",0.5,1,0,0.666666666666667,0.5,0
2,"var_roc_std_mag + var_roc_pha_coh","SVM","Open","No Foil","abel",0.7,0.4,1,0.571428571428572,0.7,0.5
2,"var_roc_std_mag + var_roc_pha_coh","SVM","Open","No Foil","collin",0.9,1,0.8,0.909090909090909,0.9,0.816496580927726
2,"var_roc_std_mag + var_roc_pha_coh","SVM","Open","No Foil","ivan",0.5,1,0,0.666666666666667,0.5,0
2,"var_roc_std_mag + var_roc_pha_coh","SVM","Open","No Foil","kenny",0.5,1,0,0.666666666666667,0.5,0
2,"var_roc_std_mag + var_roc_pha_coh","SVM","Open","No Foil","matthew",0.8,1,0.6,0.833333333333333,0.8,0.654653670707977
2,"var_roc_std_mag + var_roc_pha_coh","SVM","Foil","Open","abel",0.5,0,1,NA,0.5,0
2,"var_roc_std_mag + var_roc_pha_coh","SVM","Foil","Open","collin",0.5,0,1,NA,0.5,0
2,"var_roc_std_mag + var_roc_pha_coh","SVM","Foil","Open","ivan",0.5,0,1,NA,0.5,0
2,"var_roc_std_mag + var_roc_pha_coh","SVM","Foil","Open","kenny",0.5,0,1,NA,0.5,0
2,"var_roc_std_mag + var_roc_pha_coh","SVM","Foil","Open","matthew",0.5,0,1,NA,0.5,0
2,"var_roc_std_mag + var_roc_pha_coh","SVM","Foil","Foil","abel",0.9,1,0.8,0.909090909090909,0.9,0.816496580927726
2,"var_roc_std_mag + var_roc_pha_coh","SVM","Foil","Foil","collin",0.8,0.6,1,0.75,0.8,0.654653670707977
2,"var_roc_std_mag + var_roc_pha_coh","SVM","Foil","Foil","ivan",1,1,1,1,1,1
2,"var_roc_std_mag + var_roc_pha_coh","SVM","Foil","Foil","kenny",1,1,1,1,1,1
2,"var_roc_std_mag + var_roc_pha_coh","SVM","Foil","Foil","matthew",1,1,1,1,1,1
2,"var_roc_std_mag + var_roc_pha_coh","SVM","Foil","No Foil","abel",0.5,0,1,NA,0.5,0
2,"var_roc_std_mag + var_roc_pha_coh","SVM","Foil","No Foil","collin",0.5,0,1,NA,0.5,0
2,"var_roc_std_mag + var_roc_pha_coh","SVM","Foil","No Foil","ivan",0.6,0.2,1,0.333333333333333,0.6,0.333333333333333
2,"var_roc_std_mag + var_roc_pha_coh","SVM","Foil","No Foil","kenny",0.7,0.4,1,0.571428571428572,0.7,0.5
2,"var_roc_std_mag + var_roc_pha_coh","SVM","Foil","No Foil","matthew",0.5,0,1,NA,0.5,0
2,"var_roc_std_mag + var_roc_pha_coh","SVM","No Foil","Open","abel",0.5,0,1,NA,0.5,0
2,"var_roc_std_mag + var_roc_pha_coh","SVM","No Foil","Open","collin",0.5,0,1,NA,0.5,0
2,"var_roc_std_mag + var_roc_pha_coh","SVM","No Foil","Open","ivan",0.5,0,1,NA,0.5,0
2,"var_roc_std_mag + var_roc_pha_coh","SVM","No Foil","Open","kenny",0.5,0,1,NA,0.5,0
2,"var_roc_std_mag + var_roc_pha_coh","SVM","No Foil","Open","matthew",0.5,0,1,NA,0.5,0
2,"var_roc_std_mag + var_roc_pha_coh","SVM","No Foil","Foil","abel",0.6,1,0.2,0.714285714285714,0.6,0.333333333333333
2,"var_roc_std_mag + var_roc_pha_coh","SVM","No Foil","Foil","collin",0.9,0.8,1,0.888888888888889,0.9,0.816496580927726
2,"var_roc_std_mag + var_roc_pha_coh","SVM","No Foil","Foil","ivan",0.8,1,0.6,0.833333333333333,0.8,0.654653670707977
2,"var_roc_std_mag + var_roc_pha_coh","SVM","No Foil","Foil","kenny",0.8,1,0.6,0.833333333333333,0.8,0.654653670707977
2,"var_roc_std_mag + var_roc_pha_coh","SVM","No Foil","Foil","matthew",0.5,1,0,0.666666666666667,0.5,0
2,"var_roc_std_mag + var_roc_pha_coh","SVM","No Foil","No Foil","abel",0.5,0,1,NA,0.5,0
2,"var_roc_std_mag + var_roc_pha_coh","SVM","No Foil","No Foil","collin",0.8,0.6,1,0.75,0.8,0.654653670707977
2,"var_roc_std_mag + var_roc_pha_coh","SVM","No Foil","No Foil","ivan",0.6,1,0.2,0.714285714285714,0.6,0.333333333333333
2,"var_roc_std_mag + var_roc_pha_coh","SVM","No Foil","No Foil","kenny",1,1,1,1,1,1
2,"var_roc_std_mag + var_roc_pha_coh","SVM","No Foil","No Foil","matthew",0.7,0.4,1,0.571428571428572,0.7,0.5
3,"var_roc_mean_mag + var_roc_mean_pha + var_roc_std_mag","Logistic Regression","Open","Open","abel",1,1,1,1,1,1
3,"var_roc_mean_mag + var_roc_mean_pha + var_roc_std_mag","Logistic Regression","Open","Open","collin",1,1,1,1,1,1
3,"var_roc_mean_mag + var_roc_mean_pha + var_roc_std_mag","Logistic Regression","Open","Open","ivan",1,1,1,1,1,1
3,"var_roc_mean_mag + var_roc_mean_pha + var_roc_std_mag","Logistic Regression","Open","Open","kenny",1,1,1,1,1,1
3,"var_roc_mean_mag + var_roc_mean_pha + var_roc_std_mag","Logistic Regression","Open","Open","matthew",1,1,1,1,1,1
3,"var_roc_mean_mag + var_roc_mean_pha + var_roc_std_mag","Logistic Regression","Open","Foil","abel",0.5,1,0,0.666666666666667,0.5,0
3,"var_roc_mean_mag + var_roc_mean_pha + var_roc_std_mag","Logistic Regression","Open","Foil","collin",0.6,1,0.2,0.714285714285714,0.6,0.333333333333333
3,"var_roc_mean_mag + var_roc_mean_pha + var_roc_std_mag","Logistic Regression","Open","Foil","ivan",0.5,1,0,0.666666666666667,0.5,0
3,"var_roc_mean_mag + var_roc_mean_pha + var_roc_std_mag","Logistic Regression","Open","Foil","kenny",0.5,1,0,0.666666666666667,0.5,0
3,"var_roc_mean_mag + var_roc_mean_pha + var_roc_std_mag","Logistic Regression","Open","Foil","matthew",0.5,1,0,0.666666666666667,0.5,0
3,"var_roc_mean_mag + var_roc_mean_pha + var_roc_std_mag","Logistic Regression","Open","No Foil","abel",0.9,0.8,1,0.888888888888889,0.9,0.816496580927726
3,"var_roc_mean_mag + var_roc_mean_pha + var_roc_std_mag","Logistic Regression","Open","No Foil","collin",0.9,1,0.8,0.909090909090909,0.9,0.816496580927726
3,"var_roc_mean_mag + var_roc_mean_pha + var_roc_std_mag","Logistic Regression","Open","No Foil","ivan",0.5,1,0,0.666666666666667,0.5,0
3,"var_roc_mean_mag + var_roc_mean_pha + var_roc_std_mag","Logistic Regression","Open","No Foil","kenny",0.5,1,0,0.666666666666667,0.5,0
3,"var_roc_mean_mag + var_roc_mean_pha + var_roc_std_mag","Logistic Regression","Open","No Foil","matthew",0.9,1,0.8,0.909090909090909,0.9,0.816496580927726
3,"var_roc_mean_mag + var_roc_mean_pha + var_roc_std_mag","Logistic Regression","Foil","Open","abel",0.5,0,1,NA,0.5,0
3,"var_roc_mean_mag + var_roc_mean_pha + var_roc_std_mag","Logistic Regression","Foil","Open","collin",0.5,0,1,NA,0.5,0
3,"var_roc_mean_mag + var_roc_mean_pha + var_roc_std_mag","Logistic Regression","Foil","Open","ivan",0.5,0,1,NA,0.5,0
3,"var_roc_mean_mag + var_roc_mean_pha + var_roc_std_mag","Logistic Regression","Foil","Open","kenny",0.5,0,1,NA,0.5,0
3,"var_roc_mean_mag + var_roc_mean_pha + var_roc_std_mag","Logistic Regression","Foil","Open","matthew",0.5,0,1,NA,0.5,0
3,"var_roc_mean_mag + var_roc_mean_pha + var_roc_std_mag","Logistic Regression","Foil","Foil","abel",0.8,1,0.6,0.833333333333333,0.8,0.654653670707977
3,"var_roc_mean_mag + var_roc_mean_pha + var_roc_std_mag","Logistic Regression","Foil","Foil","collin",0.7,0.4,1,0.571428571428572,0.7,0.5
3,"var_roc_mean_mag + var_roc_mean_pha + var_roc_std_mag","Logistic Regression","Foil","Foil","ivan",1,1,1,1,1,1
3,"var_roc_mean_mag + var_roc_mean_pha + var_roc_std_mag","Logistic Regression","Foil","Foil","kenny",1,1,1,1,1,1
3,"var_roc_mean_mag + var_roc_mean_pha + var_roc_std_mag","Logistic Regression","Foil","Foil","matthew",0.5,1,0,0.666666666666667,0.5,0
3,"var_roc_mean_mag + var_roc_mean_pha + var_roc_std_mag","Logistic Regression","Foil","No Foil","abel",0.5,0,1,NA,0.5,0
3,"var_roc_mean_mag + var_roc_mean_pha + var_roc_std_mag","Logistic Regression","Foil","No Foil","collin",0.5,0,1,NA,0.5,0
3,"var_roc_mean_mag + var_roc_mean_pha + var_roc_std_mag","Logistic Regression","Foil","No Foil","ivan",0.5,0,1,NA,0.5,0
3,"var_roc_mean_mag + var_roc_mean_pha + var_roc_std_mag","Logistic Regression","Foil","No Foil","kenny",0.7,0.4,1,0.571428571428572,0.7,0.5
3,"var_roc_mean_mag + var_roc_mean_pha + var_roc_std_mag","Logistic Regression","Foil","No Foil","matthew",0.5,0,1,NA,0.5,0
3,"var_roc_mean_mag + var_roc_mean_pha + var_roc_std_mag","Logistic Regression","No Foil","Open","abel",0.5,0,1,NA,0.5,0
3,"var_roc_mean_mag + var_roc_mean_pha + var_roc_std_mag","Logistic Regression","No Foil","Open","collin",0.5,0,1,NA,0.5,0
3,"var_roc_mean_mag + var_roc_mean_pha + var_roc_std_mag","Logistic Regression","No Foil","Open","ivan",1,1,1,1,1,1
3,"var_roc_mean_mag + var_roc_mean_pha + var_roc_std_mag","Logistic Regression","No Foil","Open","kenny",0.8,0.6,1,0.75,0.8,0.654653670707977
3,"var_roc_mean_mag + var_roc_mean_pha + var_roc_std_mag","Logistic Regression","No Foil","Open","matthew",0.5,0,1,NA,0.5,0
3,"var_roc_mean_mag + var_roc_mean_pha + var_roc_std_mag","Logistic Regression","No Foil","Foil","abel",0.5,1,0,0.666666666666667,0.5,0
3,"var_roc_mean_mag + var_roc_mean_pha + var_roc_std_mag","Logistic Regression","No Foil","Foil","collin",0.9,1,0.8,0.909090909090909,0.9,0.816496580927726
3,"var_roc_mean_mag + var_roc_mean_pha + var_roc_std_mag","Logistic Regression","No Foil","Foil","ivan",0.8,1,0.6,0.833333333333333,0.8,0.654653670707977
3,"var_roc_mean_mag + var_roc_mean_pha + var_roc_std_mag","Logistic Regression","No Foil","Foil","kenny",0.7,1,0.4,0.769230769230769,0.7,0.5
3,"var_roc_mean_mag + var_roc_mean_pha + var_roc_std_mag","Logistic Regression","No Foil","Foil","matthew",0.5,1,0,0.666666666666667,0.5,0
3,"var_roc_mean_mag + var_roc_mean_pha + var_roc_std_mag","Logistic Regression","No Foil","No Foil","abel",0.5,0,1,NA,0.5,0
3,"var_roc_mean_mag + var_roc_mean_pha + var_roc_std_mag","Logistic Regression","No Foil","No Foil","collin",0.8,0.8,0.8,0.8,0.8,0.6
3,"var_roc_mean_mag + var_roc_mean_pha + var_roc_std_mag","Logistic Regression","No Foil","No Foil","ivan",0.5,1,0,0.666666666666667,0.5,0
3,"var_roc_mean_mag + var_roc_mean_pha + var_roc_std_mag","Logistic Regression","No Foil","No Foil","kenny",0.8,0.6,1,0.75,0.8,0.654653670707977
3,"var_roc_mean_mag + var_roc_mean_pha + var_roc_std_mag","Logistic Regression","No Foil","No Foil","matthew",1,1,1,1,1,1
3,"var_roc_mean_mag + var_roc_mean_pha + var_roc_std_mag","Decision Tree","Open","Open","abel",1,1,1,1,1,1
3,"var_roc_mean_mag + var_roc_mean_pha + var_roc_std_mag","Decision Tree","Open","Open","collin",1,1,1,1,1,1
3,"var_roc_mean_mag + var_roc_mean_pha + var_roc_std_mag","Decision Tree","Open","Open","ivan",1,1,1,1,1,1
3,"var_roc_mean_mag + var_roc_mean_pha + var_roc_std_mag","Decision Tree","Open","Open","kenny",1,1,1,1,1,1
3,"var_roc_mean_mag + var_roc_mean_pha + var_roc_std_mag","Decision Tree","Open","Open","matthew",0.9,0.8,1,0.888888888888889,0.9,0.816496580927726
3,"var_roc_mean_mag + var_roc_mean_pha + var_roc_std_mag","Decision Tree","Open","Foil","abel",0.5,1,0,0.666666666666667,0.5,0
3,"var_roc_mean_mag + var_roc_mean_pha + var_roc_std_mag","Decision Tree","Open","Foil","collin",0.6,1,0.2,0.714285714285714,0.6,0.333333333333333
3,"var_roc_mean_mag + var_roc_mean_pha + var_roc_std_mag","Decision Tree","Open","Foil","ivan",0.5,1,0,0.666666666666667,0.5,0
3,"var_roc_mean_mag + var_roc_mean_pha + var_roc_std_mag","Decision Tree","Open","Foil","kenny",0.5,1,0,0.666666666666667,0.5,0
3,"var_roc_mean_mag + var_roc_mean_pha + var_roc_std_mag","Decision Tree","Open","Foil","matthew",0.5,1,0,0.666666666666667,0.5,0
3,"var_roc_mean_mag + var_roc_mean_pha + var_roc_std_mag","Decision Tree","Open","No Foil","abel",1,1,1,1,1,1
3,"var_roc_mean_mag + var_roc_mean_pha + var_roc_std_mag","Decision Tree","Open","No Foil","collin",1,1,1,1,1,1
3,"var_roc_mean_mag + var_roc_mean_pha + var_roc_std_mag","Decision Tree","Open","No Foil","ivan",0.5,1,0,0.666666666666667,0.5,0
3,"var_roc_mean_mag + var_roc_mean_pha + var_roc_std_mag","Decision Tree","Open","No Foil","kenny",0.6,1,0.2,0.714285714285714,0.6,0.333333333333333
3,"var_roc_mean_mag + var_roc_mean_pha + var_roc_std_mag","Decision Tree","Open","No Foil","matthew",0.8,1,0.6,0.833333333333333,0.8,0.654653670707977
3,"var_roc_mean_mag + var_roc_mean_pha + var_roc_std_mag","Decision Tree","Foil","Open","abel",0.5,0,1,NA,0.5,0
3,"var_roc_mean_mag + var_roc_mean_pha + var_roc_std_mag","Decision Tree","Foil","Open","collin",0.5,0,1,NA,0.5,0
3,"var_roc_mean_mag + var_roc_mean_pha + var_roc_std_mag","Decision Tree","Foil","Open","ivan",0.5,0,1,NA,0.5,0
3,"var_roc_mean_mag + var_roc_mean_pha + var_roc_std_mag","Decision Tree","Foil","Open","kenny",0.5,0,1,NA,0.5,0
3,"var_roc_mean_mag + var_roc_mean_pha + var_roc_std_mag","Decision Tree","Foil","Open","matthew",0.5,0,1,NA,0.5,0
3,"var_roc_mean_mag + var_roc_mean_pha + var_roc_std_mag","Decision Tree","Foil","Foil","abel",1,1,1,1,1,1
3,"var_roc_mean_mag + var_roc_mean_pha + var_roc_std_mag","Decision Tree","Foil","Foil","collin",0.9,0.8,1,0.888888888888889,0.9,0.816496580927726
3,"var_roc_mean_mag + var_roc_mean_pha + var_roc_std_mag","Decision Tree","Foil","Foil","ivan",1,1,1,1,1,1
3,"var_roc_mean_mag + var_roc_mean_pha + var_roc_std_mag","Decision Tree","Foil","Foil","kenny",1,1,1,1,1,1
3,"var_roc_mean_mag + var_roc_mean_pha + var_roc_std_mag","Decision Tree","Foil","Foil","matthew",1,1,1,1,1,1
3,"var_roc_mean_mag + var_roc_mean_pha + var_roc_std_mag","Decision Tree","Foil","No Foil","abel",0.5,0,1,NA,0.5,0
3,"var_roc_mean_mag + var_roc_mean_pha + var_roc_std_mag","Decision Tree","Foil","No Foil","collin",0.5,0,1,NA,0.5,0
3,"var_roc_mean_mag + var_roc_mean_pha + var_roc_std_mag","Decision Tree","Foil","No Foil","ivan",0.6,0.2,1,0.333333333333333,0.6,0.333333333333333
3,"var_roc_mean_mag + var_roc_mean_pha + var_roc_std_mag","Decision Tree","Foil","No Foil","kenny",0.7,0.4,1,0.571428571428572,0.7,0.5
3,"var_roc_mean_mag + var_roc_mean_pha + var_roc_std_mag","Decision Tree","Foil","No Foil","matthew",0.5,0,1,NA,0.5,0
3,"var_roc_mean_mag + var_roc_mean_pha + var_roc_std_mag","Decision Tree","No Foil","Open","abel",0.5,0,1,NA,0.5,0
3,"var_roc_mean_mag + var_roc_mean_pha + var_roc_std_mag","Decision Tree","No Foil","Open","collin",0.5,0,1,NA,0.5,0
3,"var_roc_mean_mag + var_roc_mean_pha + var_roc_std_mag","Decision Tree","No Foil","Open","ivan",1,1,1,1,1,1
3,"var_roc_mean_mag + var_roc_mean_pha + var_roc_std_mag","Decision Tree","No Foil","Open","kenny",1,1,1,1,1,1
3,"var_roc_mean_mag + var_roc_mean_pha + var_roc_std_mag","Decision Tree","No Foil","Open","matthew",1,1,1,1,1,1
3,"var_roc_mean_mag + var_roc_mean_pha + var_roc_std_mag","Decision Tree","No Foil","Foil","abel",0.5,1,0,0.666666666666667,0.5,0
3,"var_roc_mean_mag + var_roc_mean_pha + var_roc_std_mag","Decision Tree","No Foil","Foil","collin",0.9,0.8,1,0.888888888888889,0.9,0.816496580927726
3,"var_roc_mean_mag + var_roc_mean_pha + var_roc_std_mag","Decision Tree","No Foil","Foil","ivan",0.6,1,0.2,0.714285714285714,0.6,0.333333333333333
3,"var_roc_mean_mag + var_roc_mean_pha + var_roc_std_mag","Decision Tree","No Foil","Foil","kenny",0.6,1,0.2,0.714285714285714,0.6,0.333333333333333
3,"var_roc_mean_mag + var_roc_mean_pha + var_roc_std_mag","Decision Tree","No Foil","Foil","matthew",0.5,1,0,0.666666666666667,0.5,0
3,"var_roc_mean_mag + var_roc_mean_pha + var_roc_std_mag","Decision Tree","No Foil","No Foil","abel",0.5,0,1,NA,0.5,0
3,"var_roc_mean_mag + var_roc_mean_pha + var_roc_std_mag","Decision Tree","No Foil","No Foil","collin",0.7,0.4,1,0.571428571428572,0.7,0.5
3,"var_roc_mean_mag + var_roc_mean_pha + var_roc_std_mag","Decision Tree","No Foil","No Foil","ivan",0.5,1,0,0.666666666666667,0.5,0
3,"var_roc_mean_mag + var_roc_mean_pha + var_roc_std_mag","Decision Tree","No Foil","No Foil","kenny",0.5,1,0,0.666666666666667,0.5,0
3,"var_roc_mean_mag + var_roc_mean_pha + var_roc_std_mag","Decision Tree","No Foil","No Foil","matthew",0.7,1,0.4,0.769230769230769,0.7,0.5
3,"var_roc_mean_mag + var_roc_mean_pha + var_roc_std_mag","Random Forest","Open","Open","abel",1,1,1,1,1,1
3,"var_roc_mean_mag + var_roc_mean_pha + var_roc_std_mag","Random Forest","Open","Open","collin",1,1,1,1,1,1
3,"var_roc_mean_mag + var_roc_mean_pha + var_roc_std_mag","Random Forest","Open","Open","ivan",1,1,1,1,1,1
3,"var_roc_mean_mag + var_roc_mean_pha + var_roc_std_mag","Random Forest","Open","Open","kenny",1,1,1,1,1,1
3,"var_roc_mean_mag + var_roc_mean_pha + var_roc_std_mag","Random Forest","Open","Open","matthew",0.9,0.8,1,0.888888888888889,0.9,0.816496580927726
3,"var_roc_mean_mag + var_roc_mean_pha + var_roc_std_mag","Random Forest","Open","Foil","abel",0.5,1,0,0.666666666666667,0.5,0
3,"var_roc_mean_mag + var_roc_mean_pha + var_roc_std_mag","Random Forest","Open","Foil","collin",0.6,1,0.2,0.714285714285714,0.6,0.333333333333333
3,"var_roc_mean_mag + var_roc_mean_pha + var_roc_std_mag","Random Forest","Open","Foil","ivan",0.5,1,0,0.666666666666667,0.5,0
3,"var_roc_mean_mag + var_roc_mean_pha + var_roc_std_mag","Random Forest","Open","Foil","kenny",0.5,1,0,0.666666666666667,0.5,0
3,"var_roc_mean_mag + var_roc_mean_pha + var_roc_std_mag","Random Forest","Open","Foil","matthew",0.5,1,0,0.666666666666667,0.5,0
3,"var_roc_mean_mag + var_roc_mean_pha + var_roc_std_mag","Random Forest","Open","No Foil","abel",1,1,1,1,1,1
3,"var_roc_mean_mag + var_roc_mean_pha + var_roc_std_mag","Random Forest","Open","No Foil","collin",0.9,1,0.8,0.909090909090909,0.9,0.816496580927726
3,"var_roc_mean_mag + var_roc_mean_pha + var_roc_std_mag","Random Forest","Open","No Foil","ivan",0.5,1,0,0.666666666666667,0.5,0
3,"var_roc_mean_mag + var_roc_mean_pha + var_roc_std_mag","Random Forest","Open","No Foil","kenny",0.6,1,0.2,0.714285714285714,0.6,0.333333333333333
3,"var_roc_mean_mag + var_roc_mean_pha + var_roc_std_mag","Random Forest","Open","No Foil","matthew",0.8,1,0.6,0.833333333333333,0.8,0.654653670707977
3,"var_roc_mean_mag + var_roc_mean_pha + var_roc_std_mag","Random Forest","Foil","Open","abel",0.5,0,1,NA,0.5,0
3,"var_roc_mean_mag + var_roc_mean_pha + var_roc_std_mag","Random Forest","Foil","Open","collin",0.5,0,1,NA,0.5,0
3,"var_roc_mean_mag + var_roc_mean_pha + var_roc_std_mag","Random Forest","Foil","Open","ivan",0.5,0,1,NA,0.5,0
3,"var_roc_mean_mag + var_roc_mean_pha + var_roc_std_mag","Random Forest","Foil","Open","kenny",0.5,0,1,NA,0.5,0
3,"var_roc_mean_mag + var_roc_mean_pha + var_roc_std_mag","Random Forest","Foil","Open","matthew",0.5,0,1,NA,0.5,0
3,"var_roc_mean_mag + var_roc_mean_pha + var_roc_std_mag","Random Forest","Foil","Foil","abel",1,1,1,1,1,1
3,"var_roc_mean_mag + var_roc_mean_pha + var_roc_std_mag","Random Forest","Foil","Foil","collin",0.9,0.8,1,0.888888888888889,0.9,0.816496580927726
3,"var_roc_mean_mag + var_roc_mean_pha + var_roc_std_mag","Random Forest","Foil","Foil","ivan",1,1,1,1,1,1
3,"var_roc_mean_mag + var_roc_mean_pha + var_roc_std_mag","Random Forest","Foil","Foil","kenny",1,1,1,1,1,1
3,"var_roc_mean_mag + var_roc_mean_pha + var_roc_std_mag","Random Forest","Foil","Foil","matthew",1,1,1,1,1,1
3,"var_roc_mean_mag + var_roc_mean_pha + var_roc_std_mag","Random Forest","Foil","No Foil","abel",0.5,0,1,NA,0.5,0
3,"var_roc_mean_mag + var_roc_mean_pha + var_roc_std_mag","Random Forest","Foil","No Foil","collin",0.5,0,1,NA,0.5,0
3,"var_roc_mean_mag + var_roc_mean_pha + var_roc_std_mag","Random Forest","Foil","No Foil","ivan",0.6,0.2,1,0.333333333333333,0.6,0.333333333333333
3,"var_roc_mean_mag + var_roc_mean_pha + var_roc_std_mag","Random Forest","Foil","No Foil","kenny",0.7,0.4,1,0.571428571428572,0.7,0.5
3,"var_roc_mean_mag + var_roc_mean_pha + var_roc_std_mag","Random Forest","Foil","No Foil","matthew",0.5,0,1,NA,0.5,0
3,"var_roc_mean_mag + var_roc_mean_pha + var_roc_std_mag","Random Forest","No Foil","Open","abel",0.5,0,1,NA,0.5,0
3,"var_roc_mean_mag + var_roc_mean_pha + var_roc_std_mag","Random Forest","No Foil","Open","collin",0.6,0.2,1,0.333333333333333,0.6,0.333333333333333
3,"var_roc_mean_mag + var_roc_mean_pha + var_roc_std_mag","Random Forest","No Foil","Open","ivan",0.9,0.8,1,0.888888888888889,0.9,0.816496580927726
3,"var_roc_mean_mag + var_roc_mean_pha + var_roc_std_mag","Random Forest","No Foil","Open","kenny",0.8,0.6,1,0.75,0.8,0.654653670707977
3,"var_roc_mean_mag + var_roc_mean_pha + var_roc_std_mag","Random Forest","No Foil","Open","matthew",1,1,1,1,1,1
3,"var_roc_mean_mag + var_roc_mean_pha + var_roc_std_mag","Random Forest","No Foil","Foil","abel",0.5,1,0,0.666666666666667,0.5,0
3,"var_roc_mean_mag + var_roc_mean_pha + var_roc_std_mag","Random Forest","No Foil","Foil","collin",0.9,0.8,1,0.888888888888889,0.9,0.816496580927726
3,"var_roc_mean_mag + var_roc_mean_pha + var_roc_std_mag","Random Forest","No Foil","Foil","ivan",0.6,1,0.2,0.714285714285714,0.6,0.333333333333333
3,"var_roc_mean_mag + var_roc_mean_pha + var_roc_std_mag","Random Forest","No Foil","Foil","kenny",0.6,1,0.2,0.714285714285714,0.6,0.333333333333333
3,"var_roc_mean_mag + var_roc_mean_pha + var_roc_std_mag","Random Forest","No Foil","Foil","matthew",0.5,1,0,0.666666666666667,0.5,0
3,"var_roc_mean_mag + var_roc_mean_pha + var_roc_std_mag","Random Forest","No Foil","No Foil","abel",0.5,0,1,NA,0.5,0
3,"var_roc_mean_mag + var_roc_mean_pha + var_roc_std_mag","Random Forest","No Foil","No Foil","collin",0.9,0.8,1,0.888888888888889,0.9,0.816496580927726
3,"var_roc_mean_mag + var_roc_mean_pha + var_roc_std_mag","Random Forest","No Foil","No Foil","ivan",0.5,1,0,0.666666666666667,0.5,0
3,"var_roc_mean_mag + var_roc_mean_pha + var_roc_std_mag","Random Forest","No Foil","No Foil","kenny",0.6,0.8,0.4,0.666666666666667,0.6,0.218217890235992
3,"var_roc_mean_mag + var_roc_mean_pha + var_roc_std_mag","Random Forest","No Foil","No Foil","matthew",0.6,0.8,0.4,0.666666666666667,0.6,0.218217890235992
3,"var_roc_mean_mag + var_roc_mean_pha + var_roc_std_mag","SVM","Open","Open","abel",1,1,1,1,1,1
3,"var_roc_mean_mag + var_roc_mean_pha + var_roc_std_mag","SVM","Open","Open","collin",1,1,1,1,1,1
3,"var_roc_mean_mag + var_roc_mean_pha + var_roc_std_mag","SVM","Open","Open","ivan",1,1,1,1,1,1
3,"var_roc_mean_mag + var_roc_mean_pha + var_roc_std_mag","SVM","Open","Open","kenny",1,1,1,1,1,1
3,"var_roc_mean_mag + var_roc_mean_pha + var_roc_std_mag","SVM","Open","Open","matthew",1,1,1,1,1,1
3,"var_roc_mean_mag + var_roc_mean_pha + var_roc_std_mag","SVM","Open","Foil","abel",0.5,1,0,0.666666666666667,0.5,0
3,"var_roc_mean_mag + var_roc_mean_pha + var_roc_std_mag","SVM","Open","Foil","collin",0.6,1,0.2,0.714285714285714,0.6,0.333333333333333
3,"var_roc_mean_mag + var_roc_mean_pha + var_roc_std_mag","SVM","Open","Foil","ivan",0.5,1,0,0.666666666666667,0.5,0
3,"var_roc_mean_mag + var_roc_mean_pha + var_roc_std_mag","SVM","Open","Foil","kenny",0.5,1,0,0.666666666666667,0.5,0
3,"var_roc_mean_mag + var_roc_mean_pha + var_roc_std_mag","SVM","Open","Foil","matthew",0.5,1,0,0.666666666666667,0.5,0
3,"var_roc_mean_mag + var_roc_mean_pha + var_roc_std_mag","SVM","Open","No Foil","abel",0.9,0.8,1,0.888888888888889,0.9,0.816496580927726
3,"var_roc_mean_mag + var_roc_mean_pha + var_roc_std_mag","SVM","Open","No Foil","collin",0.9,1,0.8,0.909090909090909,0.9,0.816496580927726
3,"var_roc_mean_mag + var_roc_mean_pha + var_roc_std_mag","SVM","Open","No Foil","ivan",0.5,1,0,0.666666666666667,0.5,0
3,"var_roc_mean_mag + var_roc_mean_pha + var_roc_std_mag","SVM","Open","No Foil","kenny",0.5,1,0,0.666666666666667,0.5,0
3,"var_roc_mean_mag + var_roc_mean_pha + var_roc_std_mag","SVM","Open","No Foil","matthew",0.8,1,0.6,0.833333333333333,0.8,0.654653670707977
3,"var_roc_mean_mag + var_roc_mean_pha + var_roc_std_mag","SVM","Foil","Open","abel",0.5,0,1,NA,0.5,0
3,"var_roc_mean_mag + var_roc_mean_pha + var_roc_std_mag","SVM","Foil","Open","collin",0.5,0,1,NA,0.5,0
3,"var_roc_mean_mag + var_roc_mean_pha + var_roc_std_mag","SVM","Foil","Open","ivan",0.5,0,1,NA,0.5,0
3,"var_roc_mean_mag + var_roc_mean_pha + var_roc_std_mag","SVM","Foil","Open","kenny",0.5,0,1,NA,0.5,0
3,"var_roc_mean_mag + var_roc_mean_pha + var_roc_std_mag","SVM","Foil","Open","matthew",0.5,0,1,NA,0.5,0
3,"var_roc_mean_mag + var_roc_mean_pha + var_roc_std_mag","SVM","Foil","Foil","abel",0.9,1,0.8,0.909090909090909,0.9,0.816496580927726
3,"var_roc_mean_mag + var_roc_mean_pha + var_roc_std_mag","SVM","Foil","Foil","collin",0.9,0.8,1,0.888888888888889,0.9,0.816496580927726
3,"var_roc_mean_mag + var_roc_mean_pha + var_roc_std_mag","SVM","Foil","Foil","ivan",0.8,0.6,1,0.75,0.8,0.654653670707977
3,"var_roc_mean_mag + var_roc_mean_pha + var_roc_std_mag","SVM","Foil","Foil","kenny",1,1,1,1,1,1
3,"var_roc_mean_mag + var_roc_mean_pha + var_roc_std_mag","SVM","Foil","Foil","matthew",1,1,1,1,1,1
3,"var_roc_mean_mag + var_roc_mean_pha + var_roc_std_mag","SVM","Foil","No Foil","abel",0.5,0,1,NA,0.5,0
3,"var_roc_mean_mag + var_roc_mean_pha + var_roc_std_mag","SVM","Foil","No Foil","collin",0.5,0,1,NA,0.5,0
3,"var_roc_mean_mag + var_roc_mean_pha + var_roc_std_mag","SVM","Foil","No Foil","ivan",0.5,0,1,NA,0.5,0
3,"var_roc_mean_mag + var_roc_mean_pha + var_roc_std_mag","SVM","Foil","No Foil","kenny",0.7,0.4,1,0.571428571428572,0.7,0.5
3,"var_roc_mean_mag + var_roc_mean_pha + var_roc_std_mag","SVM","Foil","No Foil","matthew",0.5,0,1,NA,0.5,0
3,"var_roc_mean_mag + var_roc_mean_pha + var_roc_std_mag","SVM","No Foil","Open","abel",0.5,0,1,NA,0.5,0
3,"var_roc_mean_mag + var_roc_mean_pha + var_roc_std_mag","SVM","No Foil","Open","collin",0.5,0,1,NA,0.5,0
3,"var_roc_mean_mag + var_roc_mean_pha + var_roc_std_mag","SVM","No Foil","Open","ivan",0.5,0,1,NA,0.5,0
3,"var_roc_mean_mag + var_roc_mean_pha + var_roc_std_mag","SVM","No Foil","Open","kenny",0.5,0,1,NA,0.5,0
3,"var_roc_mean_mag + var_roc_mean_pha + var_roc_std_mag","SVM","No Foil","Open","matthew",0.5,0,1,NA,0.5,0
3,"var_roc_mean_mag + var_roc_mean_pha + var_roc_std_mag","SVM","No Foil","Foil","abel",0.5,1,0,0.666666666666667,0.5,0
3,"var_roc_mean_mag + var_roc_mean_pha + var_roc_std_mag","SVM","No Foil","Foil","collin",0.9,0.8,1,0.888888888888889,0.9,0.816496580927726
3,"var_roc_mean_mag + var_roc_mean_pha + var_roc_std_mag","SVM","No Foil","Foil","ivan",0.8,1,0.6,0.833333333333333,0.8,0.654653670707977
3,"var_roc_mean_mag + var_roc_mean_pha + var_roc_std_mag","SVM","No Foil","Foil","kenny",0.7,1,0.4,0.769230769230769,0.7,0.5
3,"var_roc_mean_mag + var_roc_mean_pha + var_roc_std_mag","SVM","No Foil","Foil","matthew",0.5,1,0,0.666666666666667,0.5,0
3,"var_roc_mean_mag + var_roc_mean_pha + var_roc_std_mag","SVM","No Foil","No Foil","abel",0.5,0,1,NA,0.5,0
3,"var_roc_mean_mag + var_roc_mean_pha + var_roc_std_mag","SVM","No Foil","No Foil","collin",0.7,0.6,0.8,0.666666666666667,0.7,0.408248290463863
3,"var_roc_mean_mag + var_roc_mean_pha + var_roc_std_mag","SVM","No Foil","No Foil","ivan",0.7,1,0.4,0.769230769230769,0.7,0.5
3,"var_roc_mean_mag + var_roc_mean_pha + var_roc_std_mag","SVM","No Foil","No Foil","kenny",0.8,0.6,1,0.75,0.8,0.654653670707977
3,"var_roc_mean_mag + var_roc_mean_pha + var_roc_std_mag","SVM","No Foil","No Foil","matthew",1,1,1,1,1,1
3,"var_roc_mean_mag + var_roc_mean_pha + var_roc_pha_coh","Logistic Regression","Open","Open","abel",1,1,1,1,1,1
3,"var_roc_mean_mag + var_roc_mean_pha + var_roc_pha_coh","Logistic Regression","Open","Open","collin",1,1,1,1,1,1
3,"var_roc_mean_mag + var_roc_mean_pha + var_roc_pha_coh","Logistic Regression","Open","Open","ivan",1,1,1,1,1,1
3,"var_roc_mean_mag + var_roc_mean_pha + var_roc_pha_coh","Logistic Regression","Open","Open","kenny",1,1,1,1,1,1
3,"var_roc_mean_mag + var_roc_mean_pha + var_roc_pha_coh","Logistic Regression","Open","Open","matthew",1,1,1,1,1,1
3,"var_roc_mean_mag + var_roc_mean_pha + var_roc_pha_coh","Logistic Regression","Open","Foil","abel",0.5,1,0,0.666666666666667,0.5,0
3,"var_roc_mean_mag + var_roc_mean_pha + var_roc_pha_coh","Logistic Regression","Open","Foil","collin",0.6,1,0.2,0.714285714285714,0.6,0.333333333333333
3,"var_roc_mean_mag + var_roc_mean_pha + var_roc_pha_coh","Logistic Regression","Open","Foil","ivan",0.7,1,0.4,0.769230769230769,0.7,0.5
3,"var_roc_mean_mag + var_roc_mean_pha + var_roc_pha_coh","Logistic Regression","Open","Foil","kenny",0.5,1,0,0.666666666666667,0.5,0
3,"var_roc_mean_mag + var_roc_mean_pha + var_roc_pha_coh","Logistic Regression","Open","Foil","matthew",0.5,1,0,0.666666666666667,0.5,0
3,"var_roc_mean_mag + var_roc_mean_pha + var_roc_pha_coh","Logistic Regression","Open","No Foil","abel",1,1,1,1,1,1
3,"var_roc_mean_mag + var_roc_mean_pha + var_roc_pha_coh","Logistic Regression","Open","No Foil","collin",0.9,1,0.8,0.909090909090909,0.9,0.816496580927726
3,"var_roc_mean_mag + var_roc_mean_pha + var_roc_pha_coh","Logistic Regression","Open","No Foil","ivan",0.5,1,0,0.666666666666667,0.5,0
3,"var_roc_mean_mag + var_roc_mean_pha + var_roc_pha_coh","Logistic Regression","Open","No Foil","kenny",0.5,1,0,0.666666666666667,0.5,0
3,"var_roc_mean_mag + var_roc_mean_pha + var_roc_pha_coh","Logistic Regression","Open","No Foil","matthew",0.7,1,0.4,0.769230769230769,0.7,0.5
3,"var_roc_mean_mag + var_roc_mean_pha + var_roc_pha_coh","Logistic Regression","Foil","Open","abel",0.5,0,1,NA,0.5,0
3,"var_roc_mean_mag + var_roc_mean_pha + var_roc_pha_coh","Logistic Regression","Foil","Open","collin",0.5,0,1,NA,0.5,0
3,"var_roc_mean_mag + var_roc_mean_pha + var_roc_pha_coh","Logistic Regression","Foil","Open","ivan",0.5,0,1,NA,0.5,0
3,"var_roc_mean_mag + var_roc_mean_pha + var_roc_pha_coh","Logistic Regression","Foil","Open","kenny",0.5,0,1,NA,0.5,0
3,"var_roc_mean_mag + var_roc_mean_pha + var_roc_pha_coh","Logistic Regression","Foil","Open","matthew",0.5,0,1,NA,0.5,0
3,"var_roc_mean_mag + var_roc_mean_pha + var_roc_pha_coh","Logistic Regression","Foil","Foil","abel",0.8,1,0.6,0.833333333333333,0.8,0.654653670707977
3,"var_roc_mean_mag + var_roc_mean_pha + var_roc_pha_coh","Logistic Regression","Foil","Foil","collin",0.7,0.4,1,0.571428571428572,0.7,0.5
3,"var_roc_mean_mag + var_roc_mean_pha + var_roc_pha_coh","Logistic Regression","Foil","Foil","ivan",0.8,0.6,1,0.75,0.8,0.654653670707977
3,"var_roc_mean_mag + var_roc_mean_pha + var_roc_pha_coh","Logistic Regression","Foil","Foil","kenny",0.8,0.6,1,0.75,0.8,0.654653670707977
3,"var_roc_mean_mag + var_roc_mean_pha + var_roc_pha_coh","Logistic Regression","Foil","Foil","matthew",0.5,1,0,0.666666666666667,0.5,0
3,"var_roc_mean_mag + var_roc_mean_pha + var_roc_pha_coh","Logistic Regression","Foil","No Foil","abel",0.5,0,1,NA,0.5,0
3,"var_roc_mean_mag + var_roc_mean_pha + var_roc_pha_coh","Logistic Regression","Foil","No Foil","collin",0.6,0.2,1,0.333333333333333,0.6,0.333333333333333
3,"var_roc_mean_mag + var_roc_mean_pha + var_roc_pha_coh","Logistic Regression","Foil","No Foil","ivan",0.5,0,1,NA,0.5,0
3,"var_roc_mean_mag + var_roc_mean_pha + var_roc_pha_coh","Logistic Regression","Foil","No Foil","kenny",0.5,0,1,NA,0.5,0
3,"var_roc_mean_mag + var_roc_mean_pha + var_roc_pha_coh","Logistic Regression","Foil","No Foil","matthew",0.5,0,1,NA,0.5,0
3,"var_roc_mean_mag + var_roc_mean_pha + var_roc_pha_coh","Logistic Regression","No Foil","Open","abel",0.5,0,1,NA,0.5,0
3,"var_roc_mean_mag + var_roc_mean_pha + var_roc_pha_coh","Logistic Regression","No Foil","Open","collin",0.5,0,1,NA,0.5,0
3,"var_roc_mean_mag + var_roc_mean_pha + var_roc_pha_coh","Logistic Regression","No Foil","Open","ivan",0.6,0.2,1,0.333333333333333,0.6,0.333333333333333
3,"var_roc_mean_mag + var_roc_mean_pha + var_roc_pha_coh","Logistic Regression","No Foil","Open","kenny",0.8,0.6,1,0.75,0.8,0.654653670707977
3,"var_roc_mean_mag + var_roc_mean_pha + var_roc_pha_coh","Logistic Regression","No Foil","Open","matthew",0.5,0,1,NA,0.5,0
3,"var_roc_mean_mag + var_roc_mean_pha + var_roc_pha_coh","Logistic Regression","No Foil","Foil","abel",0.5,1,0,0.666666666666667,0.5,0
3,"var_roc_mean_mag + var_roc_mean_pha + var_roc_pha_coh","Logistic Regression","No Foil","Foil","collin",0.9,0.8,1,0.888888888888889,0.9,0.816496580927726
3,"var_roc_mean_mag + var_roc_mean_pha + var_roc_pha_coh","Logistic Regression","No Foil","Foil","ivan",0.7,1,0.4,0.769230769230769,0.7,0.5
3,"var_roc_mean_mag + var_roc_mean_pha + var_roc_pha_coh","Logistic Regression","No Foil","Foil","kenny",0.6,1,0.2,0.714285714285714,0.6,0.333333333333333
3,"var_roc_mean_mag + var_roc_mean_pha + var_roc_pha_coh","Logistic Regression","No Foil","Foil","matthew",0.9,1,0.8,0.909090909090909,0.9,0.816496580927726
3,"var_roc_mean_mag + var_roc_mean_pha + var_roc_pha_coh","Logistic Regression","No Foil","No Foil","abel",0.5,0,1,NA,0.5,0
3,"var_roc_mean_mag + var_roc_mean_pha + var_roc_pha_coh","Logistic Regression","No Foil","No Foil","collin",0.7,0.4,1,0.571428571428572,0.7,0.5
3,"var_roc_mean_mag + var_roc_mean_pha + var_roc_pha_coh","Logistic Regression","No Foil","No Foil","ivan",0.5,1,0,0.666666666666667,0.5,0
3,"var_roc_mean_mag + var_roc_mean_pha + var_roc_pha_coh","Logistic Regression","No Foil","No Foil","kenny",1,1,1,1,1,1
3,"var_roc_mean_mag + var_roc_mean_pha + var_roc_pha_coh","Logistic Regression","No Foil","No Foil","matthew",0.5,0,1,NA,0.5,0
3,"var_roc_mean_mag + var_roc_mean_pha + var_roc_pha_coh","Decision Tree","Open","Open","abel",1,1,1,1,1,1
3,"var_roc_mean_mag + var_roc_mean_pha + var_roc_pha_coh","Decision Tree","Open","Open","collin",1,1,1,1,1,1
3,"var_roc_mean_mag + var_roc_mean_pha + var_roc_pha_coh","Decision Tree","Open","Open","ivan",1,1,1,1,1,1
3,"var_roc_mean_mag + var_roc_mean_pha + var_roc_pha_coh","Decision Tree","Open","Open","kenny",1,1,1,1,1,1
3,"var_roc_mean_mag + var_roc_mean_pha + var_roc_pha_coh","Decision Tree","Open","Open","matthew",0.9,0.8,1,0.888888888888889,0.9,0.816496580927726
3,"var_roc_mean_mag + var_roc_mean_pha + var_roc_pha_coh","Decision Tree","Open","Foil","abel",0.5,1,0,0.666666666666667,0.5,0
3,"var_roc_mean_mag + var_roc_mean_pha + var_roc_pha_coh","Decision Tree","Open","Foil","collin",0.6,1,0.2,0.714285714285714,0.6,0.333333333333333
3,"var_roc_mean_mag + var_roc_mean_pha + var_roc_pha_coh","Decision Tree","Open","Foil","ivan",0.5,1,0,0.666666666666667,0.5,0
3,"var_roc_mean_mag + var_roc_mean_pha + var_roc_pha_coh","Decision Tree","Open","Foil","kenny",0.5,1,0,0.666666666666667,0.5,0
3,"var_roc_mean_mag + var_roc_mean_pha + var_roc_pha_coh","Decision Tree","Open","Foil","matthew",0.5,1,0,0.666666666666667,0.5,0
3,"var_roc_mean_mag + var_roc_mean_pha + var_roc_pha_coh","Decision Tree","Open","No Foil","abel",1,1,1,1,1,1
3,"var_roc_mean_mag + var_roc_mean_pha + var_roc_pha_coh","Decision Tree","Open","No Foil","collin",1,1,1,1,1,1
3,"var_roc_mean_mag + var_roc_mean_pha + var_roc_pha_coh","Decision Tree","Open","No Foil","ivan",0.5,1,0,0.666666666666667,0.5,0
3,"var_roc_mean_mag + var_roc_mean_pha + var_roc_pha_coh","Decision Tree","Open","No Foil","kenny",0.6,1,0.2,0.714285714285714,0.6,0.333333333333333
3,"var_roc_mean_mag + var_roc_mean_pha + var_roc_pha_coh","Decision Tree","Open","No Foil","matthew",0.8,1,0.6,0.833333333333333,0.8,0.654653670707977
3,"var_roc_mean_mag + var_roc_mean_pha + var_roc_pha_coh","Decision Tree","Foil","Open","abel",0.5,0,1,NA,0.5,0
3,"var_roc_mean_mag + var_roc_mean_pha + var_roc_pha_coh","Decision Tree","Foil","Open","collin",0.5,0,1,NA,0.5,0
3,"var_roc_mean_mag + var_roc_mean_pha + var_roc_pha_coh","Decision Tree","Foil","Open","ivan",0.5,0,1,NA,0.5,0
3,"var_roc_mean_mag + var_roc_mean_pha + var_roc_pha_coh","Decision Tree","Foil","Open","kenny",0.5,0,1,NA,0.5,0
3,"var_roc_mean_mag + var_roc_mean_pha + var_roc_pha_coh","Decision Tree","Foil","Open","matthew",0.5,0,1,NA,0.5,0
3,"var_roc_mean_mag + var_roc_mean_pha + var_roc_pha_coh","Decision Tree","Foil","Foil","abel",0.5,1,0,0.666666666666667,0.5,0
3,"var_roc_mean_mag + var_roc_mean_pha + var_roc_pha_coh","Decision Tree","Foil","Foil","collin",0.6,0.2,1,0.333333333333333,0.6,0.333333333333333
3,"var_roc_mean_mag + var_roc_mean_pha + var_roc_pha_coh","Decision Tree","Foil","Foil","ivan",0.6,0.2,1,0.333333333333333,0.6,0.333333333333333
3,"var_roc_mean_mag + var_roc_mean_pha + var_roc_pha_coh","Decision Tree","Foil","Foil","kenny",1,1,1,1,1,1
3,"var_roc_mean_mag + var_roc_mean_pha + var_roc_pha_coh","Decision Tree","Foil","Foil","matthew",0.5,1,0,0.666666666666667,0.5,0
3,"var_roc_mean_mag + var_roc_mean_pha + var_roc_pha_coh","Decision Tree","Foil","No Foil","abel",0.5,0,1,NA,0.5,0
3,"var_roc_mean_mag + var_roc_mean_pha + var_roc_pha_coh","Decision Tree","Foil","No Foil","collin",0.7,0.4,1,0.571428571428572,0.7,0.5
3,"var_roc_mean_mag + var_roc_mean_pha + var_roc_pha_coh","Decision Tree","Foil","No Foil","ivan",0.5,0,1,NA,0.5,0
3,"var_roc_mean_mag + var_roc_mean_pha + var_roc_pha_coh","Decision Tree","Foil","No Foil","kenny",1,1,1,1,1,1
3,"var_roc_mean_mag + var_roc_mean_pha + var_roc_pha_coh","Decision Tree","Foil","No Foil","matthew",0.5,0,1,NA,0.5,0
3,"var_roc_mean_mag + var_roc_mean_pha + var_roc_pha_coh","Decision Tree","No Foil","Open","abel",0.5,0,1,NA,0.5,0
3,"var_roc_mean_mag + var_roc_mean_pha + var_roc_pha_coh","Decision Tree","No Foil","Open","collin",0.5,0,1,NA,0.5,0
3,"var_roc_mean_mag + var_roc_mean_pha + var_roc_pha_coh","Decision Tree","No Foil","Open","ivan",1,1,1,1,1,1
3,"var_roc_mean_mag + var_roc_mean_pha + var_roc_pha_coh","Decision Tree","No Foil","Open","kenny",1,1,1,1,1,1
3,"var_roc_mean_mag + var_roc_mean_pha + var_roc_pha_coh","Decision Tree","No Foil","Open","matthew",0.5,0,1,NA,0.5,0
3,"var_roc_mean_mag + var_roc_mean_pha + var_roc_pha_coh","Decision Tree","No Foil","Foil","abel",0.5,1,0,0.666666666666667,0.5,0
3,"var_roc_mean_mag + var_roc_mean_pha + var_roc_pha_coh","Decision Tree","No Foil","Foil","collin",0.9,0.8,1,0.888888888888889,0.9,0.816496580927726
3,"var_roc_mean_mag + var_roc_mean_pha + var_roc_pha_coh","Decision Tree","No Foil","Foil","ivan",0.6,1,0.2,0.714285714285714,0.6,0.333333333333333
3,"var_roc_mean_mag + var_roc_mean_pha + var_roc_pha_coh","Decision Tree","No Foil","Foil","kenny",0.6,1,0.2,0.714285714285714,0.6,0.333333333333333
3,"var_roc_mean_mag + var_roc_mean_pha + var_roc_pha_coh","Decision Tree","No Foil","Foil","matthew",0.5,1,0,0.666666666666667,0.5,0
3,"var_roc_mean_mag + var_roc_mean_pha + var_roc_pha_coh","Decision Tree","No Foil","No Foil","abel",0.5,0,1,NA,0.5,0
3,"var_roc_mean_mag + var_roc_mean_pha + var_roc_pha_coh","Decision Tree","No Foil","No Foil","collin",0.7,0.4,1,0.571428571428572,0.7,0.5
3,"var_roc_mean_mag + var_roc_mean_pha + var_roc_pha_coh","Decision Tree","No Foil","No Foil","ivan",0.5,1,0,0.666666666666667,0.5,0
3,"var_roc_mean_mag + var_roc_mean_pha + var_roc_pha_coh","Decision Tree","No Foil","No Foil","kenny",0.5,1,0,0.666666666666667,0.5,0
3,"var_roc_mean_mag + var_roc_mean_pha + var_roc_pha_coh","Decision Tree","No Foil","No Foil","matthew",0.5,0,1,NA,0.5,0
3,"var_roc_mean_mag + var_roc_mean_pha + var_roc_pha_coh","Random Forest","Open","Open","abel",1,1,1,1,1,1
3,"var_roc_mean_mag + var_roc_mean_pha + var_roc_pha_coh","Random Forest","Open","Open","collin",1,1,1,1,1,1
3,"var_roc_mean_mag + var_roc_mean_pha + var_roc_pha_coh","Random Forest","Open","Open","ivan",1,1,1,1,1,1
3,"var_roc_mean_mag + var_roc_mean_pha + var_roc_pha_coh","Random Forest","Open","Open","kenny",1,1,1,1,1,1
3,"var_roc_mean_mag + var_roc_mean_pha + var_roc_pha_coh","Random Forest","Open","Open","matthew",1,1,1,1,1,1
3,"var_roc_mean_mag + var_roc_mean_pha + var_roc_pha_coh","Random Forest","Open","Foil","abel",0.5,1,0,0.666666666666667,0.5,0
3,"var_roc_mean_mag + var_roc_mean_pha + var_roc_pha_coh","Random Forest","Open","Foil","collin",0.6,1,0.2,0.714285714285714,0.6,0.333333333333333
3,"var_roc_mean_mag + var_roc_mean_pha + var_roc_pha_coh","Random Forest","Open","Foil","ivan",0.5,1,0,0.666666666666667,0.5,0
3,"var_roc_mean_mag + var_roc_mean_pha + var_roc_pha_coh","Random Forest","Open","Foil","kenny",0.5,1,0,0.666666666666667,0.5,0
3,"var_roc_mean_mag + var_roc_mean_pha + var_roc_pha_coh","Random Forest","Open","Foil","matthew",0.5,1,0,0.666666666666667,0.5,0
3,"var_roc_mean_mag + var_roc_mean_pha + var_roc_pha_coh","Random Forest","Open","No Foil","abel",1,1,1,1,1,1
3,"var_roc_mean_mag + var_roc_mean_pha + var_roc_pha_coh","Random Forest","Open","No Foil","collin",0.9,1,0.8,0.909090909090909,0.9,0.816496580927726
3,"var_roc_mean_mag + var_roc_mean_pha + var_roc_pha_coh","Random Forest","Open","No Foil","ivan",0.5,1,0,0.666666666666667,0.5,0
3,"var_roc_mean_mag + var_roc_mean_pha + var_roc_pha_coh","Random Forest","Open","No Foil","kenny",0.5,1,0,0.666666666666667,0.5,0
3,"var_roc_mean_mag + var_roc_mean_pha + var_roc_pha_coh","Random Forest","Open","No Foil","matthew",1,1,1,1,1,1
3,"var_roc_mean_mag + var_roc_mean_pha + var_roc_pha_coh","Random Forest","Foil","Open","abel",0.5,0,1,NA,0.5,0
3,"var_roc_mean_mag + var_roc_mean_pha + var_roc_pha_coh","Random Forest","Foil","Open","collin",0.5,0,1,NA,0.5,0
3,"var_roc_mean_mag + var_roc_mean_pha + var_roc_pha_coh","Random Forest","Foil","Open","ivan",0.5,0,1,NA,0.5,0
3,"var_roc_mean_mag + var_roc_mean_pha + var_roc_pha_coh","Random Forest","Foil","Open","kenny",0.5,0,1,NA,0.5,0
3,"var_roc_mean_mag + var_roc_mean_pha + var_roc_pha_coh","Random Forest","Foil","Open","matthew",0.5,0,1,NA,0.5,0
3,"var_roc_mean_mag + var_roc_mean_pha + var_roc_pha_coh","Random Forest","Foil","Foil","abel",1,1,1,1,1,1
3,"var_roc_mean_mag + var_roc_mean_pha + var_roc_pha_coh","Random Forest","Foil","Foil","collin",0.7,0.4,1,0.571428571428572,0.7,0.5
3,"var_roc_mean_mag + var_roc_mean_pha + var_roc_pha_coh","Random Forest","Foil","Foil","ivan",0.6,0.2,1,0.333333333333333,0.6,0.333333333333333
3,"var_roc_mean_mag + var_roc_mean_pha + var_roc_pha_coh","Random Forest","Foil","Foil","kenny",1,1,1,1,1,1
3,"var_roc_mean_mag + var_roc_mean_pha + var_roc_pha_coh","Random Forest","Foil","Foil","matthew",0.5,1,0,0.666666666666667,0.5,0
3,"var_roc_mean_mag + var_roc_mean_pha + var_roc_pha_coh","Random Forest","Foil","No Foil","abel",0.5,0,1,NA,0.5,0
3,"var_roc_mean_mag + var_roc_mean_pha + var_roc_pha_coh","Random Forest","Foil","No Foil","collin",0.6,0.2,1,0.333333333333333,0.6,0.333333333333333
3,"var_roc_mean_mag + var_roc_mean_pha + var_roc_pha_coh","Random Forest","Foil","No Foil","ivan",0.5,0,1,NA,0.5,0
3,"var_roc_mean_mag + var_roc_mean_pha + var_roc_pha_coh","Random Forest","Foil","No Foil","kenny",1,1,1,1,1,1
3,"var_roc_mean_mag + var_roc_mean_pha + var_roc_pha_coh","Random Forest","Foil","No Foil","matthew",0.5,0,1,NA,0.5,0
3,"var_roc_mean_mag + var_roc_mean_pha + var_roc_pha_coh","Random Forest","No Foil","Open","abel",0.5,0,1,NA,0.5,0
3,"var_roc_mean_mag + var_roc_mean_pha + var_roc_pha_coh","Random Forest","No Foil","Open","collin",0.9,0.8,1,0.888888888888889,0.9,0.816496580927726
3,"var_roc_mean_mag + var_roc_mean_pha + var_roc_pha_coh","Random Forest","No Foil","Open","ivan",1,1,1,1,1,1
3,"var_roc_mean_mag + var_roc_mean_pha + var_roc_pha_coh","Random Forest","No Foil","Open","kenny",0.7,0.4,1,0.571428571428572,0.7,0.5
3,"var_roc_mean_mag + var_roc_mean_pha + var_roc_pha_coh","Random Forest","No Foil","Open","matthew",0.9,0.8,1,0.888888888888889,0.9,0.816496580927726
3,"var_roc_mean_mag + var_roc_mean_pha + var_roc_pha_coh","Random Forest","No Foil","Foil","abel",0.5,1,0,0.666666666666667,0.5,0
3,"var_roc_mean_mag + var_roc_mean_pha + var_roc_pha_coh","Random Forest","No Foil","Foil","collin",0.6,0.8,0.4,0.666666666666667,0.6,0.218217890235992
3,"var_roc_mean_mag + var_roc_mean_pha + var_roc_pha_coh","Random Forest","No Foil","Foil","ivan",0.6,1,0.2,0.714285714285714,0.6,0.333333333333333
3,"var_roc_mean_mag + var_roc_mean_pha + var_roc_pha_coh","Random Forest","No Foil","Foil","kenny",0.7,1,0.4,0.769230769230769,0.7,0.5
3,"var_roc_mean_mag + var_roc_mean_pha + var_roc_pha_coh","Random Forest","No Foil","Foil","matthew",0.5,1,0,0.666666666666667,0.5,0
3,"var_roc_mean_mag + var_roc_mean_pha + var_roc_pha_coh","Random Forest","No Foil","No Foil","abel",0.5,0,1,NA,0.5,0
3,"var_roc_mean_mag + var_roc_mean_pha + var_roc_pha_coh","Random Forest","No Foil","No Foil","collin",0.8,0.6,1,0.75,0.8,0.654653670707977
3,"var_roc_mean_mag + var_roc_mean_pha + var_roc_pha_coh","Random Forest","No Foil","No Foil","ivan",0.5,1,0,0.666666666666667,0.5,0
3,"var_roc_mean_mag + var_roc_mean_pha + var_roc_pha_coh","Random Forest","No Foil","No Foil","kenny",0.9,1,0.8,0.909090909090909,0.9,0.816496580927726
3,"var_roc_mean_mag + var_roc_mean_pha + var_roc_pha_coh","Random Forest","No Foil","No Foil","matthew",0.4,0,0.8,NA,0.4,-0.333333333333333
3,"var_roc_mean_mag + var_roc_mean_pha + var_roc_pha_coh","SVM","Open","Open","abel",1,1,1,1,1,1
3,"var_roc_mean_mag + var_roc_mean_pha + var_roc_pha_coh","SVM","Open","Open","collin",1,1,1,1,1,1
3,"var_roc_mean_mag + var_roc_mean_pha + var_roc_pha_coh","SVM","Open","Open","ivan",1,1,1,1,1,1
3,"var_roc_mean_mag + var_roc_mean_pha + var_roc_pha_coh","SVM","Open","Open","kenny",1,1,1,1,1,1
3,"var_roc_mean_mag + var_roc_mean_pha + var_roc_pha_coh","SVM","Open","Open","matthew",1,1,1,1,1,1
3,"var_roc_mean_mag + var_roc_mean_pha + var_roc_pha_coh","SVM","Open","Foil","abel",0.5,1,0,0.666666666666667,0.5,0
3,"var_roc_mean_mag + var_roc_mean_pha + var_roc_pha_coh","SVM","Open","Foil","collin",0.6,1,0.2,0.714285714285714,0.6,0.333333333333333
3,"var_roc_mean_mag + var_roc_mean_pha + var_roc_pha_coh","SVM","Open","Foil","ivan",0.5,1,0,0.666666666666667,0.5,0
3,"var_roc_mean_mag + var_roc_mean_pha + var_roc_pha_coh","SVM","Open","Foil","kenny",0.5,1,0,0.666666666666667,0.5,0
3,"var_roc_mean_mag + var_roc_mean_pha + var_roc_pha_coh","SVM","Open","Foil","matthew",0.5,1,0,0.666666666666667,0.5,0
3,"var_roc_mean_mag + var_roc_mean_pha + var_roc_pha_coh","SVM","Open","No Foil","abel",1,1,1,1,1,1
3,"var_roc_mean_mag + var_roc_mean_pha + var_roc_pha_coh","SVM","Open","No Foil","collin",0.9,1,0.8,0.909090909090909,0.9,0.816496580927726
3,"var_roc_mean_mag + var_roc_mean_pha + var_roc_pha_coh","SVM","Open","No Foil","ivan",0.5,1,0,0.666666666666667,0.5,0
3,"var_roc_mean_mag + var_roc_mean_pha + var_roc_pha_coh","SVM","Open","No Foil","kenny",0.5,1,0,0.666666666666667,0.5,0
3,"var_roc_mean_mag + var_roc_mean_pha + var_roc_pha_coh","SVM","Open","No Foil","matthew",0.9,1,0.8,0.909090909090909,0.9,0.816496580927726
3,"var_roc_mean_mag + var_roc_mean_pha + var_roc_pha_coh","SVM","Foil","Open","abel",0.5,0,1,NA,0.5,0
3,"var_roc_mean_mag + var_roc_mean_pha + var_roc_pha_coh","SVM","Foil","Open","collin",0.5,0,1,NA,0.5,0
3,"var_roc_mean_mag + var_roc_mean_pha + var_roc_pha_coh","SVM","Foil","Open","ivan",0.5,0,1,NA,0.5,0
3,"var_roc_mean_mag + var_roc_mean_pha + var_roc_pha_coh","SVM","Foil","Open","kenny",0.5,0,1,NA,0.5,0
3,"var_roc_mean_mag + var_roc_mean_pha + var_roc_pha_coh","SVM","Foil","Open","matthew",0.5,0,1,NA,0.5,0
3,"var_roc_mean_mag + var_roc_mean_pha + var_roc_pha_coh","SVM","Foil","Foil","abel",0.7,1,0.4,0.769230769230769,0.7,0.5
3,"var_roc_mean_mag + var_roc_mean_pha + var_roc_pha_coh","SVM","Foil","Foil","collin",0.9,0.8,1,0.888888888888889,0.9,0.816496580927726
3,"var_roc_mean_mag + var_roc_mean_pha + var_roc_pha_coh","SVM","Foil","Foil","ivan",0.6,0.2,1,0.333333333333333,0.6,0.333333333333333
3,"var_roc_mean_mag + var_roc_mean_pha + var_roc_pha_coh","SVM","Foil","Foil","kenny",0.9,0.8,1,0.888888888888889,0.9,0.816496580927726
3,"var_roc_mean_mag + var_roc_mean_pha + var_roc_pha_coh","SVM","Foil","Foil","matthew",1,1,1,1,1,1
3,"var_roc_mean_mag + var_roc_mean_pha + var_roc_pha_coh","SVM","Foil","No Foil","abel",0.5,0,1,NA,0.5,0
3,"var_roc_mean_mag + var_roc_mean_pha + var_roc_pha_coh","SVM","Foil","No Foil","collin",0.6,0.2,1,0.333333333333333,0.6,0.333333333333333
3,"var_roc_mean_mag + var_roc_mean_pha + var_roc_pha_coh","SVM","Foil","No Foil","ivan",0.5,0,1,NA,0.5,0
3,"var_roc_mean_mag + var_roc_mean_pha + var_roc_pha_coh","SVM","Foil","No Foil","kenny",0.5,0,1,NA,0.5,0
3,"var_roc_mean_mag + var_roc_mean_pha + var_roc_pha_coh","SVM","Foil","No Foil","matthew",0.5,0,1,NA,0.5,0
3,"var_roc_mean_mag + var_roc_mean_pha + var_roc_pha_coh","SVM","No Foil","Open","abel",0.5,0,1,NA,0.5,0
3,"var_roc_mean_mag + var_roc_mean_pha + var_roc_pha_coh","SVM","No Foil","Open","collin",0.5,0,1,NA,0.5,0
3,"var_roc_mean_mag + var_roc_mean_pha + var_roc_pha_coh","SVM","No Foil","Open","ivan",0.5,0,1,NA,0.5,0
3,"var_roc_mean_mag + var_roc_mean_pha + var_roc_pha_coh","SVM","No Foil","Open","kenny",0.5,0,1,NA,0.5,0
3,"var_roc_mean_mag + var_roc_mean_pha + var_roc_pha_coh","SVM","No Foil","Open","matthew",0.5,0,1,NA,0.5,0
3,"var_roc_mean_mag + var_roc_mean_pha + var_roc_pha_coh","SVM","No Foil","Foil","abel",0.5,1,0,0.666666666666667,0.5,0
3,"var_roc_mean_mag + var_roc_mean_pha + var_roc_pha_coh","SVM","No Foil","Foil","collin",0.9,0.8,1,0.888888888888889,0.9,0.816496580927726
3,"var_roc_mean_mag + var_roc_mean_pha + var_roc_pha_coh","SVM","No Foil","Foil","ivan",0.8,1,0.6,0.833333333333333,0.8,0.654653670707977
3,"var_roc_mean_mag + var_roc_mean_pha + var_roc_pha_coh","SVM","No Foil","Foil","kenny",0.7,1,0.4,0.769230769230769,0.7,0.5
3,"var_roc_mean_mag + var_roc_mean_pha + var_roc_pha_coh","SVM","No Foil","Foil","matthew",0.5,1,0,0.666666666666667,0.5,0
3,"var_roc_mean_mag + var_roc_mean_pha + var_roc_pha_coh","SVM","No Foil","No Foil","abel",0.5,0,1,NA,0.5,0
3,"var_roc_mean_mag + var_roc_mean_pha + var_roc_pha_coh","SVM","No Foil","No Foil","collin",0.7,0.6,0.8,0.666666666666667,0.7,0.408248290463863
3,"var_roc_mean_mag + var_roc_mean_pha + var_roc_pha_coh","SVM","No Foil","No Foil","ivan",0.7,1,0.4,0.769230769230769,0.7,0.5
3,"var_roc_mean_mag + var_roc_mean_pha + var_roc_pha_coh","SVM","No Foil","No Foil","kenny",1,1,1,1,1,1
3,"var_roc_mean_mag + var_roc_mean_pha + var_roc_pha_coh","SVM","No Foil","No Foil","matthew",0.9,0.8,1,0.888888888888889,0.9,0.816496580927726
3,"var_roc_mean_mag + var_roc_std_mag + var_roc_pha_coh","Logistic Regression","Open","Open","abel",1,1,1,1,1,1
3,"var_roc_mean_mag + var_roc_std_mag + var_roc_pha_coh","Logistic Regression","Open","Open","collin",1,1,1,1,1,1
3,"var_roc_mean_mag + var_roc_std_mag + var_roc_pha_coh","Logistic Regression","Open","Open","ivan",1,1,1,1,1,1
3,"var_roc_mean_mag + var_roc_std_mag + var_roc_pha_coh","Logistic Regression","Open","Open","kenny",1,1,1,1,1,1
3,"var_roc_mean_mag + var_roc_std_mag + var_roc_pha_coh","Logistic Regression","Open","Open","matthew",1,1,1,1,1,1
3,"var_roc_mean_mag + var_roc_std_mag + var_roc_pha_coh","Logistic Regression","Open","Foil","abel",0.5,1,0,0.666666666666667,0.5,0
3,"var_roc_mean_mag + var_roc_std_mag + var_roc_pha_coh","Logistic Regression","Open","Foil","collin",0.6,1,0.2,0.714285714285714,0.6,0.333333333333333
3,"var_roc_mean_mag + var_roc_std_mag + var_roc_pha_coh","Logistic Regression","Open","Foil","ivan",0.7,1,0.4,0.769230769230769,0.7,0.5
3,"var_roc_mean_mag + var_roc_std_mag + var_roc_pha_coh","Logistic Regression","Open","Foil","kenny",0.7,1,0.4,0.769230769230769,0.7,0.5
3,"var_roc_mean_mag + var_roc_std_mag + var_roc_pha_coh","Logistic Regression","Open","Foil","matthew",0.5,1,0,0.666666666666667,0.5,0
3,"var_roc_mean_mag + var_roc_std_mag + var_roc_pha_coh","Logistic Regression","Open","No Foil","abel",1,1,1,1,1,1
3,"var_roc_mean_mag + var_roc_std_mag + var_roc_pha_coh","Logistic Regression","Open","No Foil","collin",0.8,1,0.6,0.833333333333333,0.8,0.654653670707977
3,"var_roc_mean_mag + var_roc_std_mag + var_roc_pha_coh","Logistic Regression","Open","No Foil","ivan",0.5,1,0,0.666666666666667,0.5,0
3,"var_roc_mean_mag + var_roc_std_mag + var_roc_pha_coh","Logistic Regression","Open","No Foil","kenny",0.5,1,0,0.666666666666667,0.5,0
3,"var_roc_mean_mag + var_roc_std_mag + var_roc_pha_coh","Logistic Regression","Open","No Foil","matthew",0.8,1,0.6,0.833333333333333,0.8,0.654653670707977
3,"var_roc_mean_mag + var_roc_std_mag + var_roc_pha_coh","Logistic Regression","Foil","Open","abel",0.5,0,1,NA,0.5,0
3,"var_roc_mean_mag + var_roc_std_mag + var_roc_pha_coh","Logistic Regression","Foil","Open","collin",0.5,0,1,NA,0.5,0
3,"var_roc_mean_mag + var_roc_std_mag + var_roc_pha_coh","Logistic Regression","Foil","Open","ivan",0.5,0,1,NA,0.5,0
3,"var_roc_mean_mag + var_roc_std_mag + var_roc_pha_coh","Logistic Regression","Foil","Open","kenny",0.5,0,1,NA,0.5,0
3,"var_roc_mean_mag + var_roc_std_mag + var_roc_pha_coh","Logistic Regression","Foil","Open","matthew",0.5,0,1,NA,0.5,0
3,"var_roc_mean_mag + var_roc_std_mag + var_roc_pha_coh","Logistic Regression","Foil","Foil","abel",0.9,1,0.8,0.909090909090909,0.9,0.816496580927726
3,"var_roc_mean_mag + var_roc_std_mag + var_roc_pha_coh","Logistic Regression","Foil","Foil","collin",0.7,0.4,1,0.571428571428572,0.7,0.5
3,"var_roc_mean_mag + var_roc_std_mag + var_roc_pha_coh","Logistic Regression","Foil","Foil","ivan",0.5,0,1,NA,0.5,0
3,"var_roc_mean_mag + var_roc_std_mag + var_roc_pha_coh","Logistic Regression","Foil","Foil","kenny",1,1,1,1,1,1
3,"var_roc_mean_mag + var_roc_std_mag + var_roc_pha_coh","Logistic Regression","Foil","Foil","matthew",0.5,1,0,0.666666666666667,0.5,0
3,"var_roc_mean_mag + var_roc_std_mag + var_roc_pha_coh","Logistic Regression","Foil","No Foil","abel",0.5,0,1,NA,0.5,0
3,"var_roc_mean_mag + var_roc_std_mag + var_roc_pha_coh","Logistic Regression","Foil","No Foil","collin",0.5,0,1,NA,0.5,0
3,"var_roc_mean_mag + var_roc_std_mag + var_roc_pha_coh","Logistic Regression","Foil","No Foil","ivan",0.7,0.4,1,0.571428571428572,0.7,0.5
3,"var_roc_mean_mag + var_roc_std_mag + var_roc_pha_coh","Logistic Regression","Foil","No Foil","kenny",0.7,0.4,1,0.571428571428572,0.7,0.5
3,"var_roc_mean_mag + var_roc_std_mag + var_roc_pha_coh","Logistic Regression","Foil","No Foil","matthew",0.5,0,1,NA,0.5,0
3,"var_roc_mean_mag + var_roc_std_mag + var_roc_pha_coh","Logistic Regression","No Foil","Open","abel",0.5,0,1,NA,0.5,0
3,"var_roc_mean_mag + var_roc_std_mag + var_roc_pha_coh","Logistic Regression","No Foil","Open","collin",0.5,0,1,NA,0.5,0
3,"var_roc_mean_mag + var_roc_std_mag + var_roc_pha_coh","Logistic Regression","No Foil","Open","ivan",1,1,1,1,1,1
3,"var_roc_mean_mag + var_roc_std_mag + var_roc_pha_coh","Logistic Regression","No Foil","Open","kenny",0.8,0.6,1,0.75,0.8,0.654653670707977
3,"var_roc_mean_mag + var_roc_std_mag + var_roc_pha_coh","Logistic Regression","No Foil","Open","matthew",0.5,0,1,NA,0.5,0
3,"var_roc_mean_mag + var_roc_std_mag + var_roc_pha_coh","Logistic Regression","No Foil","Foil","abel",0.5,1,0,0.666666666666667,0.5,0
3,"var_roc_mean_mag + var_roc_std_mag + var_roc_pha_coh","Logistic Regression","No Foil","Foil","collin",0.9,1,0.8,0.909090909090909,0.9,0.816496580927726
3,"var_roc_mean_mag + var_roc_std_mag + var_roc_pha_coh","Logistic Regression","No Foil","Foil","ivan",0.8,1,0.6,0.833333333333333,0.8,0.654653670707977
3,"var_roc_mean_mag + var_roc_std_mag + var_roc_pha_coh","Logistic Regression","No Foil","Foil","kenny",1,1,1,1,1,1
3,"var_roc_mean_mag + var_roc_std_mag + var_roc_pha_coh","Logistic Regression","No Foil","Foil","matthew",0.5,1,0,0.666666666666667,0.5,0
3,"var_roc_mean_mag + var_roc_std_mag + var_roc_pha_coh","Logistic Regression","No Foil","No Foil","abel",0.5,0,1,NA,0.5,0
3,"var_roc_mean_mag + var_roc_std_mag + var_roc_pha_coh","Logistic Regression","No Foil","No Foil","collin",1,1,1,1,1,1
3,"var_roc_mean_mag + var_roc_std_mag + var_roc_pha_coh","Logistic Regression","No Foil","No Foil","ivan",0.7,1,0.4,0.769230769230769,0.7,0.5
3,"var_roc_mean_mag + var_roc_std_mag + var_roc_pha_coh","Logistic Regression","No Foil","No Foil","kenny",0.9,0.8,1,0.888888888888889,0.9,0.816496580927726
3,"var_roc_mean_mag + var_roc_std_mag + var_roc_pha_coh","Logistic Regression","No Foil","No Foil","matthew",0.6,0.2,1,0.333333333333333,0.6,0.333333333333333
3,"var_roc_mean_mag + var_roc_std_mag + var_roc_pha_coh","Decision Tree","Open","Open","abel",1,1,1,1,1,1
3,"var_roc_mean_mag + var_roc_std_mag + var_roc_pha_coh","Decision Tree","Open","Open","collin",1,1,1,1,1,1
3,"var_roc_mean_mag + var_roc_std_mag + var_roc_pha_coh","Decision Tree","Open","Open","ivan",1,1,1,1,1,1
3,"var_roc_mean_mag + var_roc_std_mag + var_roc_pha_coh","Decision Tree","Open","Open","kenny",1,1,1,1,1,1
3,"var_roc_mean_mag + var_roc_std_mag + var_roc_pha_coh","Decision Tree","Open","Open","matthew",0.9,0.8,1,0.888888888888889,0.9,0.816496580927726
3,"var_roc_mean_mag + var_roc_std_mag + var_roc_pha_coh","Decision Tree","Open","Foil","abel",0.5,1,0,0.666666666666667,0.5,0
3,"var_roc_mean_mag + var_roc_std_mag + var_roc_pha_coh","Decision Tree","Open","Foil","collin",0.6,1,0.2,0.714285714285714,0.6,0.333333333333333
3,"var_roc_mean_mag + var_roc_std_mag + var_roc_pha_coh","Decision Tree","Open","Foil","ivan",0.5,1,0,0.666666666666667,0.5,0
3,"var_roc_mean_mag + var_roc_std_mag + var_roc_pha_coh","Decision Tree","Open","Foil","kenny",0.5,1,0,0.666666666666667,0.5,0
3,"var_roc_mean_mag + var_roc_std_mag + var_roc_pha_coh","Decision Tree","Open","Foil","matthew",0.5,1,0,0.666666666666667,0.5,0
3,"var_roc_mean_mag + var_roc_std_mag + var_roc_pha_coh","Decision Tree","Open","No Foil","abel",1,1,1,1,1,1
3,"var_roc_mean_mag + var_roc_std_mag + var_roc_pha_coh","Decision Tree","Open","No Foil","collin",1,1,1,1,1,1
3,"var_roc_mean_mag + var_roc_std_mag + var_roc_pha_coh","Decision Tree","Open","No Foil","ivan",0.5,1,0,0.666666666666667,0.5,0
3,"var_roc_mean_mag + var_roc_std_mag + var_roc_pha_coh","Decision Tree","Open","No Foil","kenny",0.6,1,0.2,0.714285714285714,0.6,0.333333333333333
3,"var_roc_mean_mag + var_roc_std_mag + var_roc_pha_coh","Decision Tree","Open","No Foil","matthew",0.8,1,0.6,0.833333333333333,0.8,0.654653670707977
3,"var_roc_mean_mag + var_roc_std_mag + var_roc_pha_coh","Decision Tree","Foil","Open","abel",0.5,0,1,NA,0.5,0
3,"var_roc_mean_mag + var_roc_std_mag + var_roc_pha_coh","Decision Tree","Foil","Open","collin",0.5,0,1,NA,0.5,0
3,"var_roc_mean_mag + var_roc_std_mag + var_roc_pha_coh","Decision Tree","Foil","Open","ivan",0.5,0,1,NA,0.5,0
3,"var_roc_mean_mag + var_roc_std_mag + var_roc_pha_coh","Decision Tree","Foil","Open","kenny",0.5,0,1,NA,0.5,0
3,"var_roc_mean_mag + var_roc_std_mag + var_roc_pha_coh","Decision Tree","Foil","Open","matthew",0.5,0,1,NA,0.5,0
3,"var_roc_mean_mag + var_roc_std_mag + var_roc_pha_coh","Decision Tree","Foil","Foil","abel",1,1,1,1,1,1
3,"var_roc_mean_mag + var_roc_std_mag + var_roc_pha_coh","Decision Tree","Foil","Foil","collin",0.9,0.8,1,0.888888888888889,0.9,0.816496580927726
3,"var_roc_mean_mag + var_roc_std_mag + var_roc_pha_coh","Decision Tree","Foil","Foil","ivan",1,1,1,1,1,1
3,"var_roc_mean_mag + var_roc_std_mag + var_roc_pha_coh","Decision Tree","Foil","Foil","kenny",1,1,1,1,1,1
3,"var_roc_mean_mag + var_roc_std_mag + var_roc_pha_coh","Decision Tree","Foil","Foil","matthew",1,1,1,1,1,1
3,"var_roc_mean_mag + var_roc_std_mag + var_roc_pha_coh","Decision Tree","Foil","No Foil","abel",0.5,0,1,NA,0.5,0
3,"var_roc_mean_mag + var_roc_std_mag + var_roc_pha_coh","Decision Tree","Foil","No Foil","collin",0.5,0,1,NA,0.5,0
3,"var_roc_mean_mag + var_roc_std_mag + var_roc_pha_coh","Decision Tree","Foil","No Foil","ivan",0.6,0.2,1,0.333333333333333,0.6,0.333333333333333
3,"var_roc_mean_mag + var_roc_std_mag + var_roc_pha_coh","Decision Tree","Foil","No Foil","kenny",0.7,0.4,1,0.571428571428572,0.7,0.5
3,"var_roc_mean_mag + var_roc_std_mag + var_roc_pha_coh","Decision Tree","Foil","No Foil","matthew",0.5,0,1,NA,0.5,0
3,"var_roc_mean_mag + var_roc_std_mag + var_roc_pha_coh","Decision Tree","No Foil","Open","abel",0.5,0,1,NA,0.5,0
3,"var_roc_mean_mag + var_roc_std_mag + var_roc_pha_coh","Decision Tree","No Foil","Open","collin",0.5,0,1,NA,0.5,0
3,"var_roc_mean_mag + var_roc_std_mag + var_roc_pha_coh","Decision Tree","No Foil","Open","ivan",1,1,1,1,1,1
3,"var_roc_mean_mag + var_roc_std_mag + var_roc_pha_coh","Decision Tree","No Foil","Open","kenny",1,1,1,1,1,1
3,"var_roc_mean_mag + var_roc_std_mag + var_roc_pha_coh","Decision Tree","No Foil","Open","matthew",0.5,0,1,NA,0.5,0
3,"var_roc_mean_mag + var_roc_std_mag + var_roc_pha_coh","Decision Tree","No Foil","Foil","abel",0.5,1,0,0.666666666666667,0.5,0
3,"var_roc_mean_mag + var_roc_std_mag + var_roc_pha_coh","Decision Tree","No Foil","Foil","collin",0.9,0.8,1,0.888888888888889,0.9,0.816496580927726
3,"var_roc_mean_mag + var_roc_std_mag + var_roc_pha_coh","Decision Tree","No Foil","Foil","ivan",0.6,1,0.2,0.714285714285714,0.6,0.333333333333333
3,"var_roc_mean_mag + var_roc_std_mag + var_roc_pha_coh","Decision Tree","No Foil","Foil","kenny",0.5,1,0,0.666666666666667,0.5,0
3,"var_roc_mean_mag + var_roc_std_mag + var_roc_pha_coh","Decision Tree","No Foil","Foil","matthew",0.5,1,0,0.666666666666667,0.5,0
3,"var_roc_mean_mag + var_roc_std_mag + var_roc_pha_coh","Decision Tree","No Foil","No Foil","abel",0.5,0,1,NA,0.5,0
3,"var_roc_mean_mag + var_roc_std_mag + var_roc_pha_coh","Decision Tree","No Foil","No Foil","collin",0.7,0.4,1,0.571428571428572,0.7,0.5
3,"var_roc_mean_mag + var_roc_std_mag + var_roc_pha_coh","Decision Tree","No Foil","No Foil","ivan",0.5,1,0,0.666666666666667,0.5,0
3,"var_roc_mean_mag + var_roc_std_mag + var_roc_pha_coh","Decision Tree","No Foil","No Foil","kenny",0.5,1,0,0.666666666666667,0.5,0
3,"var_roc_mean_mag + var_roc_std_mag + var_roc_pha_coh","Decision Tree","No Foil","No Foil","matthew",0.5,0,1,NA,0.5,0
3,"var_roc_mean_mag + var_roc_std_mag + var_roc_pha_coh","Random Forest","Open","Open","abel",1,1,1,1,1,1
3,"var_roc_mean_mag + var_roc_std_mag + var_roc_pha_coh","Random Forest","Open","Open","collin",1,1,1,1,1,1
3,"var_roc_mean_mag + var_roc_std_mag + var_roc_pha_coh","Random Forest","Open","Open","ivan",1,1,1,1,1,1
3,"var_roc_mean_mag + var_roc_std_mag + var_roc_pha_coh","Random Forest","Open","Open","kenny",1,1,1,1,1,1
3,"var_roc_mean_mag + var_roc_std_mag + var_roc_pha_coh","Random Forest","Open","Open","matthew",0.9,0.8,1,0.888888888888889,0.9,0.816496580927726
3,"var_roc_mean_mag + var_roc_std_mag + var_roc_pha_coh","Random Forest","Open","Foil","abel",0.5,1,0,0.666666666666667,0.5,0
3,"var_roc_mean_mag + var_roc_std_mag + var_roc_pha_coh","Random Forest","Open","Foil","collin",0.6,1,0.2,0.714285714285714,0.6,0.333333333333333
3,"var_roc_mean_mag + var_roc_std_mag + var_roc_pha_coh","Random Forest","Open","Foil","ivan",0.5,1,0,0.666666666666667,0.5,0
3,"var_roc_mean_mag + var_roc_std_mag + var_roc_pha_coh","Random Forest","Open","Foil","kenny",0.5,1,0,0.666666666666667,0.5,0
3,"var_roc_mean_mag + var_roc_std_mag + var_roc_pha_coh","Random Forest","Open","Foil","matthew",0.5,1,0,0.666666666666667,0.5,0
3,"var_roc_mean_mag + var_roc_std_mag + var_roc_pha_coh","Random Forest","Open","No Foil","abel",1,1,1,1,1,1
3,"var_roc_mean_mag + var_roc_std_mag + var_roc_pha_coh","Random Forest","Open","No Foil","collin",0.9,1,0.8,0.909090909090909,0.9,0.816496580927726
3,"var_roc_mean_mag + var_roc_std_mag + var_roc_pha_coh","Random Forest","Open","No Foil","ivan",0.5,1,0,0.666666666666667,0.5,0
3,"var_roc_mean_mag + var_roc_std_mag + var_roc_pha_coh","Random Forest","Open","No Foil","kenny",0.6,1,0.2,0.714285714285714,0.6,0.333333333333333
3,"var_roc_mean_mag + var_roc_std_mag + var_roc_pha_coh","Random Forest","Open","No Foil","matthew",0.8,1,0.6,0.833333333333333,0.8,0.654653670707977
3,"var_roc_mean_mag + var_roc_std_mag + var_roc_pha_coh","Random Forest","Foil","Open","abel",0.5,0,1,NA,0.5,0
3,"var_roc_mean_mag + var_roc_std_mag + var_roc_pha_coh","Random Forest","Foil","Open","collin",0.5,0,1,NA,0.5,0
3,"var_roc_mean_mag + var_roc_std_mag + var_roc_pha_coh","Random Forest","Foil","Open","ivan",0.5,0,1,NA,0.5,0
3,"var_roc_mean_mag + var_roc_std_mag + var_roc_pha_coh","Random Forest","Foil","Open","kenny",0.5,0,1,NA,0.5,0
3,"var_roc_mean_mag + var_roc_std_mag + var_roc_pha_coh","Random Forest","Foil","Open","matthew",0.5,0,1,NA,0.5,0
3,"var_roc_mean_mag + var_roc_std_mag + var_roc_pha_coh","Random Forest","Foil","Foil","abel",1,1,1,1,1,1
3,"var_roc_mean_mag + var_roc_std_mag + var_roc_pha_coh","Random Forest","Foil","Foil","collin",0.8,0.6,1,0.75,0.8,0.654653670707977
3,"var_roc_mean_mag + var_roc_std_mag + var_roc_pha_coh","Random Forest","Foil","Foil","ivan",1,1,1,1,1,1
3,"var_roc_mean_mag + var_roc_std_mag + var_roc_pha_coh","Random Forest","Foil","Foil","kenny",1,1,1,1,1,1
3,"var_roc_mean_mag + var_roc_std_mag + var_roc_pha_coh","Random Forest","Foil","Foil","matthew",0.9,1,0.8,0.909090909090909,0.9,0.816496580927726
3,"var_roc_mean_mag + var_roc_std_mag + var_roc_pha_coh","Random Forest","Foil","No Foil","abel",0.5,0,1,NA,0.5,0
3,"var_roc_mean_mag + var_roc_std_mag + var_roc_pha_coh","Random Forest","Foil","No Foil","collin",0.5,0,1,NA,0.5,0
3,"var_roc_mean_mag + var_roc_std_mag + var_roc_pha_coh","Random Forest","Foil","No Foil","ivan",0.6,0.2,1,0.333333333333333,0.6,0.333333333333333
3,"var_roc_mean_mag + var_roc_std_mag + var_roc_pha_coh","Random Forest","Foil","No Foil","kenny",0.8,0.6,1,0.75,0.8,0.654653670707977
3,"var_roc_mean_mag + var_roc_std_mag + var_roc_pha_coh","Random Forest","Foil","No Foil","matthew",0.5,0,1,NA,0.5,0
3,"var_roc_mean_mag + var_roc_std_mag + var_roc_pha_coh","Random Forest","No Foil","Open","abel",0.7,0.4,1,0.571428571428572,0.7,0.5
3,"var_roc_mean_mag + var_roc_std_mag + var_roc_pha_coh","Random Forest","No Foil","Open","collin",0.5,0,1,NA,0.5,0
3,"var_roc_mean_mag + var_roc_std_mag + var_roc_pha_coh","Random Forest","No Foil","Open","ivan",0.8,0.6,1,0.75,0.8,0.654653670707977
3,"var_roc_mean_mag + var_roc_std_mag + var_roc_pha_coh","Random Forest","No Foil","Open","kenny",0.7,0.4,1,0.571428571428572,0.7,0.5
3,"var_roc_mean_mag + var_roc_std_mag + var_roc_pha_coh","Random Forest","No Foil","Open","matthew",1,1,1,1,1,1
3,"var_roc_mean_mag + var_roc_std_mag + var_roc_pha_coh","Random Forest","No Foil","Foil","abel",0.5,1,0,0.666666666666667,0.5,0
3,"var_roc_mean_mag + var_roc_std_mag + var_roc_pha_coh","Random Forest","No Foil","Foil","collin",1,1,1,1,1,1
3,"var_roc_mean_mag + var_roc_std_mag + var_roc_pha_coh","Random Forest","No Foil","Foil","ivan",0.7,1,0.4,0.769230769230769,0.7,0.5
3,"var_roc_mean_mag + var_roc_std_mag + var_roc_pha_coh","Random Forest","No Foil","Foil","kenny",0.9,1,0.8,0.909090909090909,0.9,0.816496580927726
3,"var_roc_mean_mag + var_roc_std_mag + var_roc_pha_coh","Random Forest","No Foil","Foil","matthew",0.5,1,0,0.666666666666667,0.5,0
3,"var_roc_mean_mag + var_roc_std_mag + var_roc_pha_coh","Random Forest","No Foil","No Foil","abel",0.5,0,1,NA,0.5,0
3,"var_roc_mean_mag + var_roc_std_mag + var_roc_pha_coh","Random Forest","No Foil","No Foil","collin",0.9,0.8,1,0.888888888888889,0.9,0.816496580927726
3,"var_roc_mean_mag + var_roc_std_mag + var_roc_pha_coh","Random Forest","No Foil","No Foil","ivan",0.5,1,0,0.666666666666667,0.5,0
3,"var_roc_mean_mag + var_roc_std_mag + var_roc_pha_coh","Random Forest","No Foil","No Foil","kenny",0.9,0.8,1,0.888888888888889,0.9,0.816496580927726
3,"var_roc_mean_mag + var_roc_std_mag + var_roc_pha_coh","Random Forest","No Foil","No Foil","matthew",0.3,0,0.6,NA,0.3,-0.5
3,"var_roc_mean_mag + var_roc_std_mag + var_roc_pha_coh","SVM","Open","Open","abel",1,1,1,1,1,1
3,"var_roc_mean_mag + var_roc_std_mag + var_roc_pha_coh","SVM","Open","Open","collin",1,1,1,1,1,1
3,"var_roc_mean_mag + var_roc_std_mag + var_roc_pha_coh","SVM","Open","Open","ivan",1,1,1,1,1,1
3,"var_roc_mean_mag + var_roc_std_mag + var_roc_pha_coh","SVM","Open","Open","kenny",1,1,1,1,1,1
3,"var_roc_mean_mag + var_roc_std_mag + var_roc_pha_coh","SVM","Open","Open","matthew",0.9,0.8,1,0.888888888888889,0.9,0.816496580927726
3,"var_roc_mean_mag + var_roc_std_mag + var_roc_pha_coh","SVM","Open","Foil","abel",0.5,1,0,0.666666666666667,0.5,0
3,"var_roc_mean_mag + var_roc_std_mag + var_roc_pha_coh","SVM","Open","Foil","collin",0.7,1,0.4,0.769230769230769,0.7,0.5
3,"var_roc_mean_mag + var_roc_std_mag + var_roc_pha_coh","SVM","Open","Foil","ivan",0.5,1,0,0.666666666666667,0.5,0
3,"var_roc_mean_mag + var_roc_std_mag + var_roc_pha_coh","SVM","Open","Foil","kenny",0.5,1,0,0.666666666666667,0.5,0
3,"var_roc_mean_mag + var_roc_std_mag + var_roc_pha_coh","SVM","Open","Foil","matthew",0.5,1,0,0.666666666666667,0.5,0
3,"var_roc_mean_mag + var_roc_std_mag + var_roc_pha_coh","SVM","Open","No Foil","abel",1,1,1,1,1,1
3,"var_roc_mean_mag + var_roc_std_mag + var_roc_pha_coh","SVM","Open","No Foil","collin",0.9,1,0.8,0.909090909090909,0.9,0.816496580927726
3,"var_roc_mean_mag + var_roc_std_mag + var_roc_pha_coh","SVM","Open","No Foil","ivan",0.5,1,0,0.666666666666667,0.5,0
3,"var_roc_mean_mag + var_roc_std_mag + var_roc_pha_coh","SVM","Open","No Foil","kenny",0.5,1,0,0.666666666666667,0.5,0
3,"var_roc_mean_mag + var_roc_std_mag + var_roc_pha_coh","SVM","Open","No Foil","matthew",0.8,1,0.6,0.833333333333333,0.8,0.654653670707977
3,"var_roc_mean_mag + var_roc_std_mag + var_roc_pha_coh","SVM","Foil","Open","abel",0.5,0,1,NA,0.5,0
3,"var_roc_mean_mag + var_roc_std_mag + var_roc_pha_coh","SVM","Foil","Open","collin",0.5,0,1,NA,0.5,0
3,"var_roc_mean_mag + var_roc_std_mag + var_roc_pha_coh","SVM","Foil","Open","ivan",0.5,0,1,NA,0.5,0
3,"var_roc_mean_mag + var_roc_std_mag + var_roc_pha_coh","SVM","Foil","Open","kenny",0.5,0,1,NA,0.5,0
3,"var_roc_mean_mag + var_roc_std_mag + var_roc_pha_coh","SVM","Foil","Open","matthew",0.5,0,1,NA,0.5,0
3,"var_roc_mean_mag + var_roc_std_mag + var_roc_pha_coh","SVM","Foil","Foil","abel",0.9,1,0.8,0.909090909090909,0.9,0.816496580927726
3,"var_roc_mean_mag + var_roc_std_mag + var_roc_pha_coh","SVM","Foil","Foil","collin",0.8,0.6,1,0.75,0.8,0.654653670707977
3,"var_roc_mean_mag + var_roc_std_mag + var_roc_pha_coh","SVM","Foil","Foil","ivan",0.8,0.6,1,0.75,0.8,0.654653670707977
3,"var_roc_mean_mag + var_roc_std_mag + var_roc_pha_coh","SVM","Foil","Foil","kenny",1,1,1,1,1,1
3,"var_roc_mean_mag + var_roc_std_mag + var_roc_pha_coh","SVM","Foil","Foil","matthew",1,1,1,1,1,1
3,"var_roc_mean_mag + var_roc_std_mag + var_roc_pha_coh","SVM","Foil","No Foil","abel",0.5,0,1,NA,0.5,0
3,"var_roc_mean_mag + var_roc_std_mag + var_roc_pha_coh","SVM","Foil","No Foil","collin",0.5,0,1,NA,0.5,0
3,"var_roc_mean_mag + var_roc_std_mag + var_roc_pha_coh","SVM","Foil","No Foil","ivan",0.6,0.2,1,0.333333333333333,0.6,0.333333333333333
3,"var_roc_mean_mag + var_roc_std_mag + var_roc_pha_coh","SVM","Foil","No Foil","kenny",0.7,0.4,1,0.571428571428572,0.7,0.5
3,"var_roc_mean_mag + var_roc_std_mag + var_roc_pha_coh","SVM","Foil","No Foil","matthew",0.5,0,1,NA,0.5,0
3,"var_roc_mean_mag + var_roc_std_mag + var_roc_pha_coh","SVM","No Foil","Open","abel",0.5,0,1,NA,0.5,0
3,"var_roc_mean_mag + var_roc_std_mag + var_roc_pha_coh","SVM","No Foil","Open","collin",0.5,0,1,NA,0.5,0
3,"var_roc_mean_mag + var_roc_std_mag + var_roc_pha_coh","SVM","No Foil","Open","ivan",0.5,0,1,NA,0.5,0
3,"var_roc_mean_mag + var_roc_std_mag + var_roc_pha_coh","SVM","No Foil","Open","kenny",0.5,0,1,NA,0.5,0
3,"var_roc_mean_mag + var_roc_std_mag + var_roc_pha_coh","SVM","No Foil","Open","matthew",0.5,0,1,NA,0.5,0
3,"var_roc_mean_mag + var_roc_std_mag + var_roc_pha_coh","SVM","No Foil","Foil","abel",0.5,1,0,0.666666666666667,0.5,0
3,"var_roc_mean_mag + var_roc_std_mag + var_roc_pha_coh","SVM","No Foil","Foil","collin",0.9,0.8,1,0.888888888888889,0.9,0.816496580927726
3,"var_roc_mean_mag + var_roc_std_mag + var_roc_pha_coh","SVM","No Foil","Foil","ivan",0.8,1,0.6,0.833333333333333,0.8,0.654653670707977
3,"var_roc_mean_mag + var_roc_std_mag + var_roc_pha_coh","SVM","No Foil","Foil","kenny",0.7,1,0.4,0.769230769230769,0.7,0.5
3,"var_roc_mean_mag + var_roc_std_mag + var_roc_pha_coh","SVM","No Foil","Foil","matthew",0.5,1,0,0.666666666666667,0.5,0
3,"var_roc_mean_mag + var_roc_std_mag + var_roc_pha_coh","SVM","No Foil","No Foil","abel",0.5,0,1,NA,0.5,0
3,"var_roc_mean_mag + var_roc_std_mag + var_roc_pha_coh","SVM","No Foil","No Foil","collin",0.8,0.6,1,0.75,0.8,0.654653670707977
3,"var_roc_mean_mag + var_roc_std_mag + var_roc_pha_coh","SVM","No Foil","No Foil","ivan",0.7,1,0.4,0.769230769230769,0.7,0.5
3,"var_roc_mean_mag + var_roc_std_mag + var_roc_pha_coh","SVM","No Foil","No Foil","kenny",1,1,1,1,1,1
3,"var_roc_mean_mag + var_roc_std_mag + var_roc_pha_coh","SVM","No Foil","No Foil","matthew",0.9,0.8,1,0.888888888888889,0.9,0.816496580927726
3,"var_roc_mean_pha + var_roc_std_mag + var_roc_pha_coh","Logistic Regression","Open","Open","abel",1,1,1,1,1,1
3,"var_roc_mean_pha + var_roc_std_mag + var_roc_pha_coh","Logistic Regression","Open","Open","collin",1,1,1,1,1,1
3,"var_roc_mean_pha + var_roc_std_mag + var_roc_pha_coh","Logistic Regression","Open","Open","ivan",1,1,1,1,1,1
3,"var_roc_mean_pha + var_roc_std_mag + var_roc_pha_coh","Logistic Regression","Open","Open","kenny",1,1,1,1,1,1
3,"var_roc_mean_pha + var_roc_std_mag + var_roc_pha_coh","Logistic Regression","Open","Open","matthew",1,1,1,1,1,1
3,"var_roc_mean_pha + var_roc_std_mag + var_roc_pha_coh","Logistic Regression","Open","Foil","abel",0.5,1,0,0.666666666666667,0.5,0
3,"var_roc_mean_pha + var_roc_std_mag + var_roc_pha_coh","Logistic Regression","Open","Foil","collin",0.5,0.8,0.2,0.615384615384615,0.5,0
3,"var_roc_mean_pha + var_roc_std_mag + var_roc_pha_coh","Logistic Regression","Open","Foil","ivan",0.5,1,0,0.666666666666667,0.5,0
3,"var_roc_mean_pha + var_roc_std_mag + var_roc_pha_coh","Logistic Regression","Open","Foil","kenny",0.5,1,0,0.666666666666667,0.5,0
3,"var_roc_mean_pha + var_roc_std_mag + var_roc_pha_coh","Logistic Regression","Open","Foil","matthew",0.5,1,0,0.666666666666667,0.5,0
3,"var_roc_mean_pha + var_roc_std_mag + var_roc_pha_coh","Logistic Regression","Open","No Foil","abel",0.9,0.8,1,0.888888888888889,0.9,0.816496580927726
3,"var_roc_mean_pha + var_roc_std_mag + var_roc_pha_coh","Logistic Regression","Open","No Foil","collin",0.8,0.8,0.8,0.8,0.8,0.6
3,"var_roc_mean_pha + var_roc_std_mag + var_roc_pha_coh","Logistic Regression","Open","No Foil","ivan",0.5,1,0,0.666666666666667,0.5,0
3,"var_roc_mean_pha + var_roc_std_mag + var_roc_pha_coh","Logistic Regression","Open","No Foil","kenny",0.5,1,0,0.666666666666667,0.5,0
3,"var_roc_mean_pha + var_roc_std_mag + var_roc_pha_coh","Logistic Regression","Open","No Foil","matthew",0.8,1,0.6,0.833333333333333,0.8,0.654653670707977
3,"var_roc_mean_pha + var_roc_std_mag + var_roc_pha_coh","Logistic Regression","Foil","Open","abel",0.5,0,1,NA,0.5,0
3,"var_roc_mean_pha + var_roc_std_mag + var_roc_pha_coh","Logistic Regression","Foil","Open","collin",0.5,0,1,NA,0.5,0
3,"var_roc_mean_pha + var_roc_std_mag + var_roc_pha_coh","Logistic Regression","Foil","Open","ivan",0.5,0,1,NA,0.5,0
3,"var_roc_mean_pha + var_roc_std_mag + var_roc_pha_coh","Logistic Regression","Foil","Open","kenny",0.5,0,1,NA,0.5,0
3,"var_roc_mean_pha + var_roc_std_mag + var_roc_pha_coh","Logistic Regression","Foil","Open","matthew",0.5,0,1,NA,0.5,0
3,"var_roc_mean_pha + var_roc_std_mag + var_roc_pha_coh","Logistic Regression","Foil","Foil","abel",1,1,1,1,1,1
3,"var_roc_mean_pha + var_roc_std_mag + var_roc_pha_coh","Logistic Regression","Foil","Foil","collin",0.7,0.4,1,0.571428571428572,0.7,0.5
3,"var_roc_mean_pha + var_roc_std_mag + var_roc_pha_coh","Logistic Regression","Foil","Foil","ivan",0.8,0.6,1,0.75,0.8,0.654653670707977
3,"var_roc_mean_pha + var_roc_std_mag + var_roc_pha_coh","Logistic Regression","Foil","Foil","kenny",1,1,1,1,1,1
3,"var_roc_mean_pha + var_roc_std_mag + var_roc_pha_coh","Logistic Regression","Foil","Foil","matthew",0.5,1,0,0.666666666666667,0.5,0
3,"var_roc_mean_pha + var_roc_std_mag + var_roc_pha_coh","Logistic Regression","Foil","No Foil","abel",0.5,0,1,NA,0.5,0
3,"var_roc_mean_pha + var_roc_std_mag + var_roc_pha_coh","Logistic Regression","Foil","No Foil","collin",0.5,0,1,NA,0.5,0
3,"var_roc_mean_pha + var_roc_std_mag + var_roc_pha_coh","Logistic Regression","Foil","No Foil","ivan",0.5,0,1,NA,0.5,0
3,"var_roc_mean_pha + var_roc_std_mag + var_roc_pha_coh","Logistic Regression","Foil","No Foil","kenny",0.7,0.4,1,0.571428571428572,0.7,0.5
3,"var_roc_mean_pha + var_roc_std_mag + var_roc_pha_coh","Logistic Regression","Foil","No Foil","matthew",0.5,0,1,NA,0.5,0
3,"var_roc_mean_pha + var_roc_std_mag + var_roc_pha_coh","Logistic Regression","No Foil","Open","abel",0.5,0,1,NA,0.5,0
3,"var_roc_mean_pha + var_roc_std_mag + var_roc_pha_coh","Logistic Regression","No Foil","Open","collin",0.5,0,1,NA,0.5,0
3,"var_roc_mean_pha + var_roc_std_mag + var_roc_pha_coh","Logistic Regression","No Foil","Open","ivan",0.5,0,1,NA,0.5,0
3,"var_roc_mean_pha + var_roc_std_mag + var_roc_pha_coh","Logistic Regression","No Foil","Open","kenny",0.8,0.6,1,0.75,0.8,0.654653670707977
3,"var_roc_mean_pha + var_roc_std_mag + var_roc_pha_coh","Logistic Regression","No Foil","Open","matthew",0.5,0,1,NA,0.5,0
3,"var_roc_mean_pha + var_roc_std_mag + var_roc_pha_coh","Logistic Regression","No Foil","Foil","abel",0.6,1,0.2,0.714285714285714,0.6,0.333333333333333
3,"var_roc_mean_pha + var_roc_std_mag + var_roc_pha_coh","Logistic Regression","No Foil","Foil","collin",0.9,0.8,1,0.888888888888889,0.9,0.816496580927726
3,"var_roc_mean_pha + var_roc_std_mag + var_roc_pha_coh","Logistic Regression","No Foil","Foil","ivan",0.8,1,0.6,0.833333333333333,0.8,0.654653670707977
3,"var_roc_mean_pha + var_roc_std_mag + var_roc_pha_coh","Logistic Regression","No Foil","Foil","kenny",0.7,1,0.4,0.769230769230769,0.7,0.5
3,"var_roc_mean_pha + var_roc_std_mag + var_roc_pha_coh","Logistic Regression","No Foil","Foil","matthew",0.9,1,0.8,0.909090909090909,0.9,0.816496580927726
3,"var_roc_mean_pha + var_roc_std_mag + var_roc_pha_coh","Logistic Regression","No Foil","No Foil","abel",0.5,0,1,NA,0.5,0
3,"var_roc_mean_pha + var_roc_std_mag + var_roc_pha_coh","Logistic Regression","No Foil","No Foil","collin",0.7,0.4,1,0.571428571428572,0.7,0.5
3,"var_roc_mean_pha + var_roc_std_mag + var_roc_pha_coh","Logistic Regression","No Foil","No Foil","ivan",0.5,1,0,0.666666666666667,0.5,0
3,"var_roc_mean_pha + var_roc_std_mag + var_roc_pha_coh","Logistic Regression","No Foil","No Foil","kenny",0.9,1,0.8,0.909090909090909,0.9,0.816496580927726
3,"var_roc_mean_pha + var_roc_std_mag + var_roc_pha_coh","Logistic Regression","No Foil","No Foil","matthew",0.5,0,1,NA,0.5,0
3,"var_roc_mean_pha + var_roc_std_mag + var_roc_pha_coh","Decision Tree","Open","Open","abel",1,1,1,1,1,1
3,"var_roc_mean_pha + var_roc_std_mag + var_roc_pha_coh","Decision Tree","Open","Open","collin",1,1,1,1,1,1
3,"var_roc_mean_pha + var_roc_std_mag + var_roc_pha_coh","Decision Tree","Open","Open","ivan",1,1,1,1,1,1
3,"var_roc_mean_pha + var_roc_std_mag + var_roc_pha_coh","Decision Tree","Open","Open","kenny",1,1,1,1,1,1
3,"var_roc_mean_pha + var_roc_std_mag + var_roc_pha_coh","Decision Tree","Open","Open","matthew",1,1,1,1,1,1
3,"var_roc_mean_pha + var_roc_std_mag + var_roc_pha_coh","Decision Tree","Open","Foil","abel",0.5,1,0,0.666666666666667,0.5,0
3,"var_roc_mean_pha + var_roc_std_mag + var_roc_pha_coh","Decision Tree","Open","Foil","collin",0.6,1,0.2,0.714285714285714,0.6,0.333333333333333
3,"var_roc_mean_pha + var_roc_std_mag + var_roc_pha_coh","Decision Tree","Open","Foil","ivan",0.7,1,0.4,0.769230769230769,0.7,0.5
3,"var_roc_mean_pha + var_roc_std_mag + var_roc_pha_coh","Decision Tree","Open","Foil","kenny",0.6,1,0.2,0.714285714285714,0.6,0.333333333333333
3,"var_roc_mean_pha + var_roc_std_mag + var_roc_pha_coh","Decision Tree","Open","Foil","matthew",0.5,1,0,0.666666666666667,0.5,0
3,"var_roc_mean_pha + var_roc_std_mag + var_roc_pha_coh","Decision Tree","Open","No Foil","abel",1,1,1,1,1,1
3,"var_roc_mean_pha + var_roc_std_mag + var_roc_pha_coh","Decision Tree","Open","No Foil","collin",0.9,1,0.8,0.909090909090909,0.9,0.816496580927726
3,"var_roc_mean_pha + var_roc_std_mag + var_roc_pha_coh","Decision Tree","Open","No Foil","ivan",0.5,1,0,0.666666666666667,0.5,0
3,"var_roc_mean_pha + var_roc_std_mag + var_roc_pha_coh","Decision Tree","Open","No Foil","kenny",0.5,1,0,0.666666666666667,0.5,0
3,"var_roc_mean_pha + var_roc_std_mag + var_roc_pha_coh","Decision Tree","Open","No Foil","matthew",1,1,1,1,1,1
3,"var_roc_mean_pha + var_roc_std_mag + var_roc_pha_coh","Decision Tree","Foil","Open","abel",0.5,0,1,NA,0.5,0
3,"var_roc_mean_pha + var_roc_std_mag + var_roc_pha_coh","Decision Tree","Foil","Open","collin",0.5,0,1,NA,0.5,0
3,"var_roc_mean_pha + var_roc_std_mag + var_roc_pha_coh","Decision Tree","Foil","Open","ivan",0.5,0,1,NA,0.5,0
3,"var_roc_mean_pha + var_roc_std_mag + var_roc_pha_coh","Decision Tree","Foil","Open","kenny",0.5,0,1,NA,0.5,0
3,"var_roc_mean_pha + var_roc_std_mag + var_roc_pha_coh","Decision Tree","Foil","Open","matthew",0.5,0,1,NA,0.5,0
3,"var_roc_mean_pha + var_roc_std_mag + var_roc_pha_coh","Decision Tree","Foil","Foil","abel",1,1,1,1,1,1
3,"var_roc_mean_pha + var_roc_std_mag + var_roc_pha_coh","Decision Tree","Foil","Foil","collin",0.9,0.8,1,0.888888888888889,0.9,0.816496580927726
3,"var_roc_mean_pha + var_roc_std_mag + var_roc_pha_coh","Decision Tree","Foil","Foil","ivan",1,1,1,1,1,1
3,"var_roc_mean_pha + var_roc_std_mag + var_roc_pha_coh","Decision Tree","Foil","Foil","kenny",1,1,1,1,1,1
3,"var_roc_mean_pha + var_roc_std_mag + var_roc_pha_coh","Decision Tree","Foil","Foil","matthew",1,1,1,1,1,1
3,"var_roc_mean_pha + var_roc_std_mag + var_roc_pha_coh","Decision Tree","Foil","No Foil","abel",0.5,0,1,NA,0.5,0
3,"var_roc_mean_pha + var_roc_std_mag + var_roc_pha_coh","Decision Tree","Foil","No Foil","collin",0.5,0,1,NA,0.5,0
3,"var_roc_mean_pha + var_roc_std_mag + var_roc_pha_coh","Decision Tree","Foil","No Foil","ivan",0.6,0.2,1,0.333333333333333,0.6,0.333333333333333
3,"var_roc_mean_pha + var_roc_std_mag + var_roc_pha_coh","Decision Tree","Foil","No Foil","kenny",0.7,0.4,1,0.571428571428572,0.7,0.5
3,"var_roc_mean_pha + var_roc_std_mag + var_roc_pha_coh","Decision Tree","Foil","No Foil","matthew",0.5,0,1,NA,0.5,0
3,"var_roc_mean_pha + var_roc_std_mag + var_roc_pha_coh","Decision Tree","No Foil","Open","abel",0.5,0,1,NA,0.5,0
3,"var_roc_mean_pha + var_roc_std_mag + var_roc_pha_coh","Decision Tree","No Foil","Open","collin",0.5,0,1,NA,0.5,0
3,"var_roc_mean_pha + var_roc_std_mag + var_roc_pha_coh","Decision Tree","No Foil","Open","ivan",1,1,1,1,1,1
3,"var_roc_mean_pha + var_roc_std_mag + var_roc_pha_coh","Decision Tree","No Foil","Open","kenny",1,1,1,1,1,1
3,"var_roc_mean_pha + var_roc_std_mag + var_roc_pha_coh","Decision Tree","No Foil","Open","matthew",0.5,0,1,NA,0.5,0
3,"var_roc_mean_pha + var_roc_std_mag + var_roc_pha_coh","Decision Tree","No Foil","Foil","abel",0.8,1,0.6,0.833333333333333,0.8,0.654653670707977
3,"var_roc_mean_pha + var_roc_std_mag + var_roc_pha_coh","Decision Tree","No Foil","Foil","collin",0.9,0.8,1,0.888888888888889,0.9,0.816496580927726
3,"var_roc_mean_pha + var_roc_std_mag + var_roc_pha_coh","Decision Tree","No Foil","Foil","ivan",0.7,1,0.4,0.769230769230769,0.7,0.5
3,"var_roc_mean_pha + var_roc_std_mag + var_roc_pha_coh","Decision Tree","No Foil","Foil","kenny",0.6,1,0.2,0.714285714285714,0.6,0.333333333333333
3,"var_roc_mean_pha + var_roc_std_mag + var_roc_pha_coh","Decision Tree","No Foil","Foil","matthew",0.5,1,0,0.666666666666667,0.5,0
3,"var_roc_mean_pha + var_roc_std_mag + var_roc_pha_coh","Decision Tree","No Foil","No Foil","abel",0.5,0,1,NA,0.5,0
3,"var_roc_mean_pha + var_roc_std_mag + var_roc_pha_coh","Decision Tree","No Foil","No Foil","collin",0.5,0,1,NA,0.5,0
3,"var_roc_mean_pha + var_roc_std_mag + var_roc_pha_coh","Decision Tree","No Foil","No Foil","ivan",0.5,1,0,0.666666666666667,0.5,0
3,"var_roc_mean_pha + var_roc_std_mag + var_roc_pha_coh","Decision Tree","No Foil","No Foil","kenny",0.5,1,0,0.666666666666667,0.5,0
3,"var_roc_mean_pha + var_roc_std_mag + var_roc_pha_coh","Decision Tree","No Foil","No Foil","matthew",0.5,0,1,NA,0.5,0
3,"var_roc_mean_pha + var_roc_std_mag + var_roc_pha_coh","Random Forest","Open","Open","abel",1,1,1,1,1,1
3,"var_roc_mean_pha + var_roc_std_mag + var_roc_pha_coh","Random Forest","Open","Open","collin",1,1,1,1,1,1
3,"var_roc_mean_pha + var_roc_std_mag + var_roc_pha_coh","Random Forest","Open","Open","ivan",1,1,1,1,1,1
3,"var_roc_mean_pha + var_roc_std_mag + var_roc_pha_coh","Random Forest","Open","Open","kenny",1,1,1,1,1,1
3,"var_roc_mean_pha + var_roc_std_mag + var_roc_pha_coh","Random Forest","Open","Open","matthew",1,1,1,1,1,1
3,"var_roc_mean_pha + var_roc_std_mag + var_roc_pha_coh","Random Forest","Open","Foil","abel",0.5,1,0,0.666666666666667,0.5,0
3,"var_roc_mean_pha + var_roc_std_mag + var_roc_pha_coh","Random Forest","Open","Foil","collin",0.6,1,0.2,0.714285714285714,0.6,0.333333333333333
3,"var_roc_mean_pha + var_roc_std_mag + var_roc_pha_coh","Random Forest","Open","Foil","ivan",0.5,1,0,0.666666666666667,0.5,0
3,"var_roc_mean_pha + var_roc_std_mag + var_roc_pha_coh","Random Forest","Open","Foil","kenny",0.5,1,0,0.666666666666667,0.5,0
3,"var_roc_mean_pha + var_roc_std_mag + var_roc_pha_coh","Random Forest","Open","Foil","matthew",0.5,1,0,0.666666666666667,0.5,0
3,"var_roc_mean_pha + var_roc_std_mag + var_roc_pha_coh","Random Forest","Open","No Foil","abel",1,1,1,1,1,1
3,"var_roc_mean_pha + var_roc_std_mag + var_roc_pha_coh","Random Forest","Open","No Foil","collin",0.9,1,0.8,0.909090909090909,0.9,0.816496580927726
3,"var_roc_mean_pha + var_roc_std_mag + var_roc_pha_coh","Random Forest","Open","No Foil","ivan",0.5,1,0,0.666666666666667,0.5,0
3,"var_roc_mean_pha + var_roc_std_mag + var_roc_pha_coh","Random Forest","Open","No Foil","kenny",0.5,1,0,0.666666666666667,0.5,0
3,"var_roc_mean_pha + var_roc_std_mag + var_roc_pha_coh","Random Forest","Open","No Foil","matthew",1,1,1,1,1,1
3,"var_roc_mean_pha + var_roc_std_mag + var_roc_pha_coh","Random Forest","Foil","Open","abel",0.5,0,1,NA,0.5,0
3,"var_roc_mean_pha + var_roc_std_mag + var_roc_pha_coh","Random Forest","Foil","Open","collin",0.5,0,1,NA,0.5,0
3,"var_roc_mean_pha + var_roc_std_mag + var_roc_pha_coh","Random Forest","Foil","Open","ivan",0.5,0,1,NA,0.5,0
3,"var_roc_mean_pha + var_roc_std_mag + var_roc_pha_coh","Random Forest","Foil","Open","kenny",0.5,0,1,NA,0.5,0
3,"var_roc_mean_pha + var_roc_std_mag + var_roc_pha_coh","Random Forest","Foil","Open","matthew",0.5,0,1,NA,0.5,0
3,"var_roc_mean_pha + var_roc_std_mag + var_roc_pha_coh","Random Forest","Foil","Foil","abel",1,1,1,1,1,1
3,"var_roc_mean_pha + var_roc_std_mag + var_roc_pha_coh","Random Forest","Foil","Foil","collin",0.8,0.6,1,0.75,0.8,0.654653670707977
3,"var_roc_mean_pha + var_roc_std_mag + var_roc_pha_coh","Random Forest","Foil","Foil","ivan",1,1,1,1,1,1
3,"var_roc_mean_pha + var_roc_std_mag + var_roc_pha_coh","Random Forest","Foil","Foil","kenny",1,1,1,1,1,1
3,"var_roc_mean_pha + var_roc_std_mag + var_roc_pha_coh","Random Forest","Foil","Foil","matthew",0.5,1,0,0.666666666666667,0.5,0
3,"var_roc_mean_pha + var_roc_std_mag + var_roc_pha_coh","Random Forest","Foil","No Foil","abel",0.5,0,1,NA,0.5,0
3,"var_roc_mean_pha + var_roc_std_mag + var_roc_pha_coh","Random Forest","Foil","No Foil","collin",0.6,0.2,1,0.333333333333333,0.6,0.333333333333333
3,"var_roc_mean_pha + var_roc_std_mag + var_roc_pha_coh","Random Forest","Foil","No Foil","ivan",0.6,0.2,1,0.333333333333333,0.6,0.333333333333333
3,"var_roc_mean_pha + var_roc_std_mag + var_roc_pha_coh","Random Forest","Foil","No Foil","kenny",0.8,0.6,1,0.75,0.8,0.654653670707977
3,"var_roc_mean_pha + var_roc_std_mag + var_roc_pha_coh","Random Forest","Foil","No Foil","matthew",0.5,0,1,NA,0.5,0
3,"var_roc_mean_pha + var_roc_std_mag + var_roc_pha_coh","Random Forest","No Foil","Open","abel",0.5,0,1,NA,0.5,0
3,"var_roc_mean_pha + var_roc_std_mag + var_roc_pha_coh","Random Forest","No Foil","Open","collin",1,1,1,1,1,1
3,"var_roc_mean_pha + var_roc_std_mag + var_roc_pha_coh","Random Forest","No Foil","Open","ivan",1,1,1,1,1,1
3,"var_roc_mean_pha + var_roc_std_mag + var_roc_pha_coh","Random Forest","No Foil","Open","kenny",0.9,0.8,1,0.888888888888889,0.9,0.816496580927726
3,"var_roc_mean_pha + var_roc_std_mag + var_roc_pha_coh","Random Forest","No Foil","Open","matthew",1,1,1,1,1,1
3,"var_roc_mean_pha + var_roc_std_mag + var_roc_pha_coh","Random Forest","No Foil","Foil","abel",0.5,1,0,0.666666666666667,0.5,0
3,"var_roc_mean_pha + var_roc_std_mag + var_roc_pha_coh","Random Forest","No Foil","Foil","collin",0.7,1,0.4,0.769230769230769,0.7,0.5
3,"var_roc_mean_pha + var_roc_std_mag + var_roc_pha_coh","Random Forest","No Foil","Foil","ivan",0.6,1,0.2,0.714285714285714,0.6,0.333333333333333
3,"var_roc_mean_pha + var_roc_std_mag + var_roc_pha_coh","Random Forest","No Foil","Foil","kenny",0.9,1,0.8,0.909090909090909,0.9,0.816496580927726
3,"var_roc_mean_pha + var_roc_std_mag + var_roc_pha_coh","Random Forest","No Foil","Foil","matthew",0.5,1,0,0.666666666666667,0.5,0
3,"var_roc_mean_pha + var_roc_std_mag + var_roc_pha_coh","Random Forest","No Foil","No Foil","abel",0.5,0,1,NA,0.5,0
3,"var_roc_mean_pha + var_roc_std_mag + var_roc_pha_coh","Random Forest","No Foil","No Foil","collin",0.8,0.6,1,0.75,0.8,0.654653670707977
3,"var_roc_mean_pha + var_roc_std_mag + var_roc_pha_coh","Random Forest","No Foil","No Foil","ivan",0.5,1,0,0.666666666666667,0.5,0
3,"var_roc_mean_pha + var_roc_std_mag + var_roc_pha_coh","Random Forest","No Foil","No Foil","kenny",0.7,1,0.4,0.769230769230769,0.7,0.5
3,"var_roc_mean_pha + var_roc_std_mag + var_roc_pha_coh","Random Forest","No Foil","No Foil","matthew",0.2,0,0.4,NA,0.2,-0.654653670707977
3,"var_roc_mean_pha + var_roc_std_mag + var_roc_pha_coh","SVM","Open","Open","abel",1,1,1,1,1,1
3,"var_roc_mean_pha + var_roc_std_mag + var_roc_pha_coh","SVM","Open","Open","collin",1,1,1,1,1,1
3,"var_roc_mean_pha + var_roc_std_mag + var_roc_pha_coh","SVM","Open","Open","ivan",1,1,1,1,1,1
3,"var_roc_mean_pha + var_roc_std_mag + var_roc_pha_coh","SVM","Open","Open","kenny",1,1,1,1,1,1
3,"var_roc_mean_pha + var_roc_std_mag + var_roc_pha_coh","SVM","Open","Open","matthew",1,1,1,1,1,1
3,"var_roc_mean_pha + var_roc_std_mag + var_roc_pha_coh","SVM","Open","Foil","abel",0.5,1,0,0.666666666666667,0.5,0
3,"var_roc_mean_pha + var_roc_std_mag + var_roc_pha_coh","SVM","Open","Foil","collin",0.6,1,0.2,0.714285714285714,0.6,0.333333333333333
3,"var_roc_mean_pha + var_roc_std_mag + var_roc_pha_coh","SVM","Open","Foil","ivan",0.5,1,0,0.666666666666667,0.5,0
3,"var_roc_mean_pha + var_roc_std_mag + var_roc_pha_coh","SVM","Open","Foil","kenny",0.5,1,0,0.666666666666667,0.5,0
3,"var_roc_mean_pha + var_roc_std_mag + var_roc_pha_coh","SVM","Open","Foil","matthew",0.5,1,0,0.666666666666667,0.5,0
3,"var_roc_mean_pha + var_roc_std_mag + var_roc_pha_coh","SVM","Open","No Foil","abel",0.9,0.8,1,0.888888888888889,0.9,0.816496580927726
3,"var_roc_mean_pha + var_roc_std_mag + var_roc_pha_coh","SVM","Open","No Foil","collin",0.9,1,0.8,0.909090909090909,0.9,0.816496580927726
3,"var_roc_mean_pha + var_roc_std_mag + var_roc_pha_coh","SVM","Open","No Foil","ivan",0.5,1,0,0.666666666666667,0.5,0
3,"var_roc_mean_pha + var_roc_std_mag + var_roc_pha_coh","SVM","Open","No Foil","kenny",0.5,1,0,0.666666666666667,0.5,0
3,"var_roc_mean_pha + var_roc_std_mag + var_roc_pha_coh","SVM","Open","No Foil","matthew",0.8,1,0.6,0.833333333333333,0.8,0.654653670707977
3,"var_roc_mean_pha + var_roc_std_mag + var_roc_pha_coh","SVM","Foil","Open","abel",0.5,0,1,NA,0.5,0
3,"var_roc_mean_pha + var_roc_std_mag + var_roc_pha_coh","SVM","Foil","Open","collin",0.5,0,1,NA,0.5,0
3,"var_roc_mean_pha + var_roc_std_mag + var_roc_pha_coh","SVM","Foil","Open","ivan",0.5,0,1,NA,0.5,0
3,"var_roc_mean_pha + var_roc_std_mag + var_roc_pha_coh","SVM","Foil","Open","kenny",0.5,0,1,NA,0.5,0
3,"var_roc_mean_pha + var_roc_std_mag + var_roc_pha_coh","SVM","Foil","Open","matthew",0.5,0,1,NA,0.5,0
3,"var_roc_mean_pha + var_roc_std_mag + var_roc_pha_coh","SVM","Foil","Foil","abel",1,1,1,1,1,1
3,"var_roc_mean_pha + var_roc_std_mag + var_roc_pha_coh","SVM","Foil","Foil","collin",0.8,0.6,1,0.75,0.8,0.654653670707977
3,"var_roc_mean_pha + var_roc_std_mag + var_roc_pha_coh","SVM","Foil","Foil","ivan",1,1,1,1,1,1
3,"var_roc_mean_pha + var_roc_std_mag + var_roc_pha_coh","SVM","Foil","Foil","kenny",1,1,1,1,1,1
3,"var_roc_mean_pha + var_roc_std_mag + var_roc_pha_coh","SVM","Foil","Foil","matthew",1,1,1,1,1,1
3,"var_roc_mean_pha + var_roc_std_mag + var_roc_pha_coh","SVM","Foil","No Foil","abel",0.5,0,1,NA,0.5,0
3,"var_roc_mean_pha + var_roc_std_mag + var_roc_pha_coh","SVM","Foil","No Foil","collin",0.5,0,1,NA,0.5,0
3,"var_roc_mean_pha + var_roc_std_mag + var_roc_pha_coh","SVM","Foil","No Foil","ivan",0.6,0.2,1,0.333333333333333,0.6,0.333333333333333
3,"var_roc_mean_pha + var_roc_std_mag + var_roc_pha_coh","SVM","Foil","No Foil","kenny",0.7,0.4,1,0.571428571428572,0.7,0.5
3,"var_roc_mean_pha + var_roc_std_mag + var_roc_pha_coh","SVM","Foil","No Foil","matthew",0.5,0,1,NA,0.5,0
3,"var_roc_mean_pha + var_roc_std_mag + var_roc_pha_coh","SVM","No Foil","Open","abel",0.5,0,1,NA,0.5,0
3,"var_roc_mean_pha + var_roc_std_mag + var_roc_pha_coh","SVM","No Foil","Open","collin",0.5,0,1,NA,0.5,0
3,"var_roc_mean_pha + var_roc_std_mag + var_roc_pha_coh","SVM","No Foil","Open","ivan",0.5,0,1,NA,0.5,0
3,"var_roc_mean_pha + var_roc_std_mag + var_roc_pha_coh","SVM","No Foil","Open","kenny",0.5,0,1,NA,0.5,0
3,"var_roc_mean_pha + var_roc_std_mag + var_roc_pha_coh","SVM","No Foil","Open","matthew",0.5,0,1,NA,0.5,0
3,"var_roc_mean_pha + var_roc_std_mag + var_roc_pha_coh","SVM","No Foil","Foil","abel",0.6,1,0.2,0.714285714285714,0.6,0.333333333333333
3,"var_roc_mean_pha + var_roc_std_mag + var_roc_pha_coh","SVM","No Foil","Foil","collin",0.9,0.8,1,0.888888888888889,0.9,0.816496580927726
3,"var_roc_mean_pha + var_roc_std_mag + var_roc_pha_coh","SVM","No Foil","Foil","ivan",0.8,1,0.6,0.833333333333333,0.8,0.654653670707977
3,"var_roc_mean_pha + var_roc_std_mag + var_roc_pha_coh","SVM","No Foil","Foil","kenny",0.8,1,0.6,0.833333333333333,0.8,0.654653670707977
3,"var_roc_mean_pha + var_roc_std_mag + var_roc_pha_coh","SVM","No Foil","Foil","matthew",0.5,1,0,0.666666666666667,0.5,0
3,"var_roc_mean_pha + var_roc_std_mag + var_roc_pha_coh","SVM","No Foil","No Foil","abel",0.5,0,1,NA,0.5,0
3,"var_roc_mean_pha + var_roc_std_mag + var_roc_pha_coh","SVM","No Foil","No Foil","collin",0.6,0.4,0.8,0.5,0.6,0.218217890235992
3,"var_roc_mean_pha + var_roc_std_mag + var_roc_pha_coh","SVM","No Foil","No Foil","ivan",0.5,1,0,0.666666666666667,0.5,0
3,"var_roc_mean_pha + var_roc_std_mag + var_roc_pha_coh","SVM","No Foil","No Foil","kenny",1,1,1,1,1,1
3,"var_roc_mean_pha + var_roc_std_mag + var_roc_pha_coh","SVM","No Foil","No Foil","matthew",0.7,0.4,1,0.571428571428572,0.7,0.5
4,"var_roc_mean_mag + var_roc_mean_pha + var_roc_std_mag + var_roc_pha_coh","Logistic Regression","Open","Open","abel",1,1,1,1,1,1
4,"var_roc_mean_mag + var_roc_mean_pha + var_roc_std_mag + var_roc_pha_coh","Logistic Regression","Open","Open","collin",1,1,1,1,1,1
4,"var_roc_mean_mag + var_roc_mean_pha + var_roc_std_mag + var_roc_pha_coh","Logistic Regression","Open","Open","ivan",1,1,1,1,1,1
4,"var_roc_mean_mag + var_roc_mean_pha + var_roc_std_mag + var_roc_pha_coh","Logistic Regression","Open","Open","kenny",1,1,1,1,1,1
4,"var_roc_mean_mag + var_roc_mean_pha + var_roc_std_mag + var_roc_pha_coh","Logistic Regression","Open","Open","matthew",1,1,1,1,1,1
4,"var_roc_mean_mag + var_roc_mean_pha + var_roc_std_mag + var_roc_pha_coh","Logistic Regression","Open","Foil","abel",0.5,1,0,0.666666666666667,0.5,0
4,"var_roc_mean_mag + var_roc_mean_pha + var_roc_std_mag + var_roc_pha_coh","Logistic Regression","Open","Foil","collin",0.5,0.8,0.2,0.615384615384615,0.5,0
4,"var_roc_mean_mag + var_roc_mean_pha + var_roc_std_mag + var_roc_pha_coh","Logistic Regression","Open","Foil","ivan",0.5,1,0,0.666666666666667,0.5,0
4,"var_roc_mean_mag + var_roc_mean_pha + var_roc_std_mag + var_roc_pha_coh","Logistic Regression","Open","Foil","kenny",0.5,1,0,0.666666666666667,0.5,0
4,"var_roc_mean_mag + var_roc_mean_pha + var_roc_std_mag + var_roc_pha_coh","Logistic Regression","Open","Foil","matthew",0.5,1,0,0.666666666666667,0.5,0
4,"var_roc_mean_mag + var_roc_mean_pha + var_roc_std_mag + var_roc_pha_coh","Logistic Regression","Open","No Foil","abel",0.9,0.8,1,0.888888888888889,0.9,0.816496580927726
4,"var_roc_mean_mag + var_roc_mean_pha + var_roc_std_mag + var_roc_pha_coh","Logistic Regression","Open","No Foil","collin",0.8,0.8,0.8,0.8,0.8,0.6
4,"var_roc_mean_mag + var_roc_mean_pha + var_roc_std_mag + var_roc_pha_coh","Logistic Regression","Open","No Foil","ivan",0.5,1,0,0.666666666666667,0.5,0
4,"var_roc_mean_mag + var_roc_mean_pha + var_roc_std_mag + var_roc_pha_coh","Logistic Regression","Open","No Foil","kenny",0.5,1,0,0.666666666666667,0.5,0
4,"var_roc_mean_mag + var_roc_mean_pha + var_roc_std_mag + var_roc_pha_coh","Logistic Regression","Open","No Foil","matthew",0.8,1,0.6,0.833333333333333,0.8,0.654653670707977
4,"var_roc_mean_mag + var_roc_mean_pha + var_roc_std_mag + var_roc_pha_coh","Logistic Regression","Foil","Open","abel",0.5,0,1,NA,0.5,0
4,"var_roc_mean_mag + var_roc_mean_pha + var_roc_std_mag + var_roc_pha_coh","Logistic Regression","Foil","Open","collin",0.5,0,1,NA,0.5,0
4,"var_roc_mean_mag + var_roc_mean_pha + var_roc_std_mag + var_roc_pha_coh","Logistic Regression","Foil","Open","ivan",0.5,0,1,NA,0.5,0
4,"var_roc_mean_mag + var_roc_mean_pha + var_roc_std_mag + var_roc_pha_coh","Logistic Regression","Foil","Open","kenny",0.5,0,1,NA,0.5,0
4,"var_roc_mean_mag + var_roc_mean_pha + var_roc_std_mag + var_roc_pha_coh","Logistic Regression","Foil","Open","matthew",0.5,0,1,NA,0.5,0
4,"var_roc_mean_mag + var_roc_mean_pha + var_roc_std_mag + var_roc_pha_coh","Logistic Regression","Foil","Foil","abel",0.8,1,0.6,0.833333333333333,0.8,0.654653670707977
4,"var_roc_mean_mag + var_roc_mean_pha + var_roc_std_mag + var_roc_pha_coh","Logistic Regression","Foil","Foil","collin",0.7,0.4,1,0.571428571428572,0.7,0.5
4,"var_roc_mean_mag + var_roc_mean_pha + var_roc_std_mag + var_roc_pha_coh","Logistic Regression","Foil","Foil","ivan",0.5,0,1,NA,0.5,0
4,"var_roc_mean_mag + var_roc_mean_pha + var_roc_std_mag + var_roc_pha_coh","Logistic Regression","Foil","Foil","kenny",1,1,1,1,1,1
4,"var_roc_mean_mag + var_roc_mean_pha + var_roc_std_mag + var_roc_pha_coh","Logistic Regression","Foil","Foil","matthew",0.5,1,0,0.666666666666667,0.5,0
4,"var_roc_mean_mag + var_roc_mean_pha + var_roc_std_mag + var_roc_pha_coh","Logistic Regression","Foil","No Foil","abel",0.5,0,1,NA,0.5,0
4,"var_roc_mean_mag + var_roc_mean_pha + var_roc_std_mag + var_roc_pha_coh","Logistic Regression","Foil","No Foil","collin",0.5,0,1,NA,0.5,0
4,"var_roc_mean_mag + var_roc_mean_pha + var_roc_std_mag + var_roc_pha_coh","Logistic Regression","Foil","No Foil","ivan",0.5,0,1,NA,0.5,0
4,"var_roc_mean_mag + var_roc_mean_pha + var_roc_std_mag + var_roc_pha_coh","Logistic Regression","Foil","No Foil","kenny",0.7,0.4,1,0.571428571428572,0.7,0.5
4,"var_roc_mean_mag + var_roc_mean_pha + var_roc_std_mag + var_roc_pha_coh","Logistic Regression","Foil","No Foil","matthew",0.5,0,1,NA,0.5,0
4,"var_roc_mean_mag + var_roc_mean_pha + var_roc_std_mag + var_roc_pha_coh","Logistic Regression","No Foil","Open","abel",0.5,0,1,NA,0.5,0
4,"var_roc_mean_mag + var_roc_mean_pha + var_roc_std_mag + var_roc_pha_coh","Logistic Regression","No Foil","Open","collin",0.5,0,1,NA,0.5,0
4,"var_roc_mean_mag + var_roc_mean_pha + var_roc_std_mag + var_roc_pha_coh","Logistic Regression","No Foil","Open","ivan",1,1,1,1,1,1
4,"var_roc_mean_mag + var_roc_mean_pha + var_roc_std_mag + var_roc_pha_coh","Logistic Regression","No Foil","Open","kenny",0.8,0.6,1,0.75,0.8,0.654653670707977
4,"var_roc_mean_mag + var_roc_mean_pha + var_roc_std_mag + var_roc_pha_coh","Logistic Regression","No Foil","Open","matthew",0.5,0,1,NA,0.5,0
4,"var_roc_mean_mag + var_roc_mean_pha + var_roc_std_mag + var_roc_pha_coh","Logistic Regression","No Foil","Foil","abel",0.5,1,0,0.666666666666667,0.5,0
4,"var_roc_mean_mag + var_roc_mean_pha + var_roc_std_mag + var_roc_pha_coh","Logistic Regression","No Foil","Foil","collin",0.9,1,0.8,0.909090909090909,0.9,0.816496580927726
4,"var_roc_mean_mag + var_roc_mean_pha + var_roc_std_mag + var_roc_pha_coh","Logistic Regression","No Foil","Foil","ivan",0.8,1,0.6,0.833333333333333,0.8,0.654653670707977
4,"var_roc_mean_mag + var_roc_mean_pha + var_roc_std_mag + var_roc_pha_coh","Logistic Regression","No Foil","Foil","kenny",1,1,1,1,1,1
4,"var_roc_mean_mag + var_roc_mean_pha + var_roc_std_mag + var_roc_pha_coh","Logistic Regression","No Foil","Foil","matthew",0.5,1,0,0.666666666666667,0.5,0
4,"var_roc_mean_mag + var_roc_mean_pha + var_roc_std_mag + var_roc_pha_coh","Logistic Regression","No Foil","No Foil","abel",0.5,0,1,NA,0.5,0
4,"var_roc_mean_mag + var_roc_mean_pha + var_roc_std_mag + var_roc_pha_coh","Logistic Regression","No Foil","No Foil","collin",1,1,1,1,1,1
4,"var_roc_mean_mag + var_roc_mean_pha + var_roc_std_mag + var_roc_pha_coh","Logistic Regression","No Foil","No Foil","ivan",0.7,1,0.4,0.769230769230769,0.7,0.5
4,"var_roc_mean_mag + var_roc_mean_pha + var_roc_std_mag + var_roc_pha_coh","Logistic Regression","No Foil","No Foil","kenny",0.9,0.8,1,0.888888888888889,0.9,0.816496580927726
4,"var_roc_mean_mag + var_roc_mean_pha + var_roc_std_mag + var_roc_pha_coh","Logistic Regression","No Foil","No Foil","matthew",0.6,0.2,1,0.333333333333333,0.6,0.333333333333333
4,"var_roc_mean_mag + var_roc_mean_pha + var_roc_std_mag + var_roc_pha_coh","Decision Tree","Open","Open","abel",1,1,1,1,1,1
4,"var_roc_mean_mag + var_roc_mean_pha + var_roc_std_mag + var_roc_pha_coh","Decision Tree","Open","Open","collin",1,1,1,1,1,1
4,"var_roc_mean_mag + var_roc_mean_pha + var_roc_std_mag + var_roc_pha_coh","Decision Tree","Open","Open","ivan",1,1,1,1,1,1
4,"var_roc_mean_mag + var_roc_mean_pha + var_roc_std_mag + var_roc_pha_coh","Decision Tree","Open","Open","kenny",1,1,1,1,1,1
4,"var_roc_mean_mag + var_roc_mean_pha + var_roc_std_mag + var_roc_pha_coh","Decision Tree","Open","Open","matthew",0.9,0.8,1,0.888888888888889,0.9,0.816496580927726
4,"var_roc_mean_mag + var_roc_mean_pha + var_roc_std_mag + var_roc_pha_coh","Decision Tree","Open","Foil","abel",0.5,1,0,0.666666666666667,0.5,0
4,"var_roc_mean_mag + var_roc_mean_pha + var_roc_std_mag + var_roc_pha_coh","Decision Tree","Open","Foil","collin",0.6,1,0.2,0.714285714285714,0.6,0.333333333333333
4,"var_roc_mean_mag + var_roc_mean_pha + var_roc_std_mag + var_roc_pha_coh","Decision Tree","Open","Foil","ivan",0.5,1,0,0.666666666666667,0.5,0
4,"var_roc_mean_mag + var_roc_mean_pha + var_roc_std_mag + var_roc_pha_coh","Decision Tree","Open","Foil","kenny",0.5,1,0,0.666666666666667,0.5,0
4,"var_roc_mean_mag + var_roc_mean_pha + var_roc_std_mag + var_roc_pha_coh","Decision Tree","Open","Foil","matthew",0.5,1,0,0.666666666666667,0.5,0
4,"var_roc_mean_mag + var_roc_mean_pha + var_roc_std_mag + var_roc_pha_coh","Decision Tree","Open","No Foil","abel",1,1,1,1,1,1
4,"var_roc_mean_mag + var_roc_mean_pha + var_roc_std_mag + var_roc_pha_coh","Decision Tree","Open","No Foil","collin",1,1,1,1,1,1
4,"var_roc_mean_mag + var_roc_mean_pha + var_roc_std_mag + var_roc_pha_coh","Decision Tree","Open","No Foil","ivan",0.5,1,0,0.666666666666667,0.5,0
4,"var_roc_mean_mag + var_roc_mean_pha + var_roc_std_mag + var_roc_pha_coh","Decision Tree","Open","No Foil","kenny",0.6,1,0.2,0.714285714285714,0.6,0.333333333333333
4,"var_roc_mean_mag + var_roc_mean_pha + var_roc_std_mag + var_roc_pha_coh","Decision Tree","Open","No Foil","matthew",0.8,1,0.6,0.833333333333333,0.8,0.654653670707977
4,"var_roc_mean_mag + var_roc_mean_pha + var_roc_std_mag + var_roc_pha_coh","Decision Tree","Foil","Open","abel",0.5,0,1,NA,0.5,0
4,"var_roc_mean_mag + var_roc_mean_pha + var_roc_std_mag + var_roc_pha_coh","Decision Tree","Foil","Open","collin",0.5,0,1,NA,0.5,0
4,"var_roc_mean_mag + var_roc_mean_pha + var_roc_std_mag + var_roc_pha_coh","Decision Tree","Foil","Open","ivan",0.5,0,1,NA,0.5,0
4,"var_roc_mean_mag + var_roc_mean_pha + var_roc_std_mag + var_roc_pha_coh","Decision Tree","Foil","Open","kenny",0.5,0,1,NA,0.5,0
4,"var_roc_mean_mag + var_roc_mean_pha + var_roc_std_mag + var_roc_pha_coh","Decision Tree","Foil","Open","matthew",0.5,0,1,NA,0.5,0
4,"var_roc_mean_mag + var_roc_mean_pha + var_roc_std_mag + var_roc_pha_coh","Decision Tree","Foil","Foil","abel",1,1,1,1,1,1
4,"var_roc_mean_mag + var_roc_mean_pha + var_roc_std_mag + var_roc_pha_coh","Decision Tree","Foil","Foil","collin",0.9,0.8,1,0.888888888888889,0.9,0.816496580927726
4,"var_roc_mean_mag + var_roc_mean_pha + var_roc_std_mag + var_roc_pha_coh","Decision Tree","Foil","Foil","ivan",1,1,1,1,1,1
4,"var_roc_mean_mag + var_roc_mean_pha + var_roc_std_mag + var_roc_pha_coh","Decision Tree","Foil","Foil","kenny",1,1,1,1,1,1
4,"var_roc_mean_mag + var_roc_mean_pha + var_roc_std_mag + var_roc_pha_coh","Decision Tree","Foil","Foil","matthew",1,1,1,1,1,1
4,"var_roc_mean_mag + var_roc_mean_pha + var_roc_std_mag + var_roc_pha_coh","Decision Tree","Foil","No Foil","abel",0.5,0,1,NA,0.5,0
4,"var_roc_mean_mag + var_roc_mean_pha + var_roc_std_mag + var_roc_pha_coh","Decision Tree","Foil","No Foil","collin",0.5,0,1,NA,0.5,0
4,"var_roc_mean_mag + var_roc_mean_pha + var_roc_std_mag + var_roc_pha_coh","Decision Tree","Foil","No Foil","ivan",0.6,0.2,1,0.333333333333333,0.6,0.333333333333333
4,"var_roc_mean_mag + var_roc_mean_pha + var_roc_std_mag + var_roc_pha_coh","Decision Tree","Foil","No Foil","kenny",0.7,0.4,1,0.571428571428572,0.7,0.5
4,"var_roc_mean_mag + var_roc_mean_pha + var_roc_std_mag + var_roc_pha_coh","Decision Tree","Foil","No Foil","matthew",0.5,0,1,NA,0.5,0
4,"var_roc_mean_mag + var_roc_mean_pha + var_roc_std_mag + var_roc_pha_coh","Decision Tree","No Foil","Open","abel",0.5,0,1,NA,0.5,0
4,"var_roc_mean_mag + var_roc_mean_pha + var_roc_std_mag + var_roc_pha_coh","Decision Tree","No Foil","Open","collin",0.5,0,1,NA,0.5,0
4,"var_roc_mean_mag + var_roc_mean_pha + var_roc_std_mag + var_roc_pha_coh","Decision Tree","No Foil","Open","ivan",1,1,1,1,1,1
4,"var_roc_mean_mag + var_roc_mean_pha + var_roc_std_mag + var_roc_pha_coh","Decision Tree","No Foil","Open","kenny",1,1,1,1,1,1
4,"var_roc_mean_mag + var_roc_mean_pha + var_roc_std_mag + var_roc_pha_coh","Decision Tree","No Foil","Open","matthew",0.5,0,1,NA,0.5,0
4,"var_roc_mean_mag + var_roc_mean_pha + var_roc_std_mag + var_roc_pha_coh","Decision Tree","No Foil","Foil","abel",0.5,1,0,0.666666666666667,0.5,0
4,"var_roc_mean_mag + var_roc_mean_pha + var_roc_std_mag + var_roc_pha_coh","Decision Tree","No Foil","Foil","collin",0.9,0.8,1,0.888888888888889,0.9,0.816496580927726
4,"var_roc_mean_mag + var_roc_mean_pha + var_roc_std_mag + var_roc_pha_coh","Decision Tree","No Foil","Foil","ivan",0.6,1,0.2,0.714285714285714,0.6,0.333333333333333
4,"var_roc_mean_mag + var_roc_mean_pha + var_roc_std_mag + var_roc_pha_coh","Decision Tree","No Foil","Foil","kenny",0.6,1,0.2,0.714285714285714,0.6,0.333333333333333
4,"var_roc_mean_mag + var_roc_mean_pha + var_roc_std_mag + var_roc_pha_coh","Decision Tree","No Foil","Foil","matthew",0.5,1,0,0.666666666666667,0.5,0
4,"var_roc_mean_mag + var_roc_mean_pha + var_roc_std_mag + var_roc_pha_coh","Decision Tree","No Foil","No Foil","abel",0.5,0,1,NA,0.5,0
4,"var_roc_mean_mag + var_roc_mean_pha + var_roc_std_mag + var_roc_pha_coh","Decision Tree","No Foil","No Foil","collin",0.7,0.4,1,0.571428571428572,0.7,0.5
4,"var_roc_mean_mag + var_roc_mean_pha + var_roc_std_mag + var_roc_pha_coh","Decision Tree","No Foil","No Foil","ivan",0.5,1,0,0.666666666666667,0.5,0
4,"var_roc_mean_mag + var_roc_mean_pha + var_roc_std_mag + var_roc_pha_coh","Decision Tree","No Foil","No Foil","kenny",0.5,1,0,0.666666666666667,0.5,0
4,"var_roc_mean_mag + var_roc_mean_pha + var_roc_std_mag + var_roc_pha_coh","Decision Tree","No Foil","No Foil","matthew",0.5,0,1,NA,0.5,0
4,"var_roc_mean_mag + var_roc_mean_pha + var_roc_std_mag + var_roc_pha_coh","Random Forest","Open","Open","abel",1,1,1,1,1,1
4,"var_roc_mean_mag + var_roc_mean_pha + var_roc_std_mag + var_roc_pha_coh","Random Forest","Open","Open","collin",1,1,1,1,1,1
4,"var_roc_mean_mag + var_roc_mean_pha + var_roc_std_mag + var_roc_pha_coh","Random Forest","Open","Open","ivan",1,1,1,1,1,1
4,"var_roc_mean_mag + var_roc_mean_pha + var_roc_std_mag + var_roc_pha_coh","Random Forest","Open","Open","kenny",1,1,1,1,1,1
4,"var_roc_mean_mag + var_roc_mean_pha + var_roc_std_mag + var_roc_pha_coh","Random Forest","Open","Open","matthew",1,1,1,1,1,1
4,"var_roc_mean_mag + var_roc_mean_pha + var_roc_std_mag + var_roc_pha_coh","Random Forest","Open","Foil","abel",0.5,1,0,0.666666666666667,0.5,0
4,"var_roc_mean_mag + var_roc_mean_pha + var_roc_std_mag + var_roc_pha_coh","Random Forest","Open","Foil","collin",0.6,1,0.2,0.714285714285714,0.6,0.333333333333333
4,"var_roc_mean_mag + var_roc_mean_pha + var_roc_std_mag + var_roc_pha_coh","Random Forest","Open","Foil","ivan",0.5,1,0,0.666666666666667,0.5,0
4,"var_roc_mean_mag + var_roc_mean_pha + var_roc_std_mag + var_roc_pha_coh","Random Forest","Open","Foil","kenny",0.5,1,0,0.666666666666667,0.5,0
4,"var_roc_mean_mag + var_roc_mean_pha + var_roc_std_mag + var_roc_pha_coh","Random Forest","Open","Foil","matthew",0.5,1,0,0.666666666666667,0.5,0
4,"var_roc_mean_mag + var_roc_mean_pha + var_roc_std_mag + var_roc_pha_coh","Random Forest","Open","No Foil","abel",1,1,1,1,1,1
4,"var_roc_mean_mag + var_roc_mean_pha + var_roc_std_mag + var_roc_pha_coh","Random Forest","Open","No Foil","collin",0.9,1,0.8,0.909090909090909,0.9,0.816496580927726
4,"var_roc_mean_mag + var_roc_mean_pha + var_roc_std_mag + var_roc_pha_coh","Random Forest","Open","No Foil","ivan",0.5,1,0,0.666666666666667,0.5,0
4,"var_roc_mean_mag + var_roc_mean_pha + var_roc_std_mag + var_roc_pha_coh","Random Forest","Open","No Foil","kenny",0.5,1,0,0.666666666666667,0.5,0
4,"var_roc_mean_mag + var_roc_mean_pha + var_roc_std_mag + var_roc_pha_coh","Random Forest","Open","No Foil","matthew",1,1,1,1,1,1
4,"var_roc_mean_mag + var_roc_mean_pha + var_roc_std_mag + var_roc_pha_coh","Random Forest","Foil","Open","abel",0.5,0,1,NA,0.5,0
4,"var_roc_mean_mag + var_roc_mean_pha + var_roc_std_mag + var_roc_pha_coh","Random Forest","Foil","Open","collin",0.5,0,1,NA,0.5,0
4,"var_roc_mean_mag + var_roc_mean_pha + var_roc_std_mag + var_roc_pha_coh","Random Forest","Foil","Open","ivan",0.5,0,1,NA,0.5,0
4,"var_roc_mean_mag + var_roc_mean_pha + var_roc_std_mag + var_roc_pha_coh","Random Forest","Foil","Open","kenny",0.5,0,1,NA,0.5,0
4,"var_roc_mean_mag + var_roc_mean_pha + var_roc_std_mag + var_roc_pha_coh","Random Forest","Foil","Open","matthew",0.5,0,1,NA,0.5,0
4,"var_roc_mean_mag + var_roc_mean_pha + var_roc_std_mag + var_roc_pha_coh","Random Forest","Foil","Foil","abel",1,1,1,1,1,1
4,"var_roc_mean_mag + var_roc_mean_pha + var_roc_std_mag + var_roc_pha_coh","Random Forest","Foil","Foil","collin",0.9,0.8,1,0.888888888888889,0.9,0.816496580927726
4,"var_roc_mean_mag + var_roc_mean_pha + var_roc_std_mag + var_roc_pha_coh","Random Forest","Foil","Foil","ivan",1,1,1,1,1,1
4,"var_roc_mean_mag + var_roc_mean_pha + var_roc_std_mag + var_roc_pha_coh","Random Forest","Foil","Foil","kenny",1,1,1,1,1,1
4,"var_roc_mean_mag + var_roc_mean_pha + var_roc_std_mag + var_roc_pha_coh","Random Forest","Foil","Foil","matthew",0.6,1,0.2,0.714285714285714,0.6,0.333333333333333
4,"var_roc_mean_mag + var_roc_mean_pha + var_roc_std_mag + var_roc_pha_coh","Random Forest","Foil","No Foil","abel",0.5,0,1,NA,0.5,0
4,"var_roc_mean_mag + var_roc_mean_pha + var_roc_std_mag + var_roc_pha_coh","Random Forest","Foil","No Foil","collin",0.5,0,1,NA,0.5,0
4,"var_roc_mean_mag + var_roc_mean_pha + var_roc_std_mag + var_roc_pha_coh","Random Forest","Foil","No Foil","ivan",0.6,0.2,1,0.333333333333333,0.6,0.333333333333333
4,"var_roc_mean_mag + var_roc_mean_pha + var_roc_std_mag + var_roc_pha_coh","Random Forest","Foil","No Foil","kenny",0.8,0.6,1,0.75,0.8,0.654653670707977
4,"var_roc_mean_mag + var_roc_mean_pha + var_roc_std_mag + var_roc_pha_coh","Random Forest","Foil","No Foil","matthew",0.5,0,1,NA,0.5,0
4,"var_roc_mean_mag + var_roc_mean_pha + var_roc_std_mag + var_roc_pha_coh","Random Forest","No Foil","Open","abel",0.5,0,1,NA,0.5,0
4,"var_roc_mean_mag + var_roc_mean_pha + var_roc_std_mag + var_roc_pha_coh","Random Forest","No Foil","Open","collin",1,1,1,1,1,1
4,"var_roc_mean_mag + var_roc_mean_pha + var_roc_std_mag + var_roc_pha_coh","Random Forest","No Foil","Open","ivan",1,1,1,1,1,1
4,"var_roc_mean_mag + var_roc_mean_pha + var_roc_std_mag + var_roc_pha_coh","Random Forest","No Foil","Open","kenny",0.8,0.6,1,0.75,0.8,0.654653670707977
4,"var_roc_mean_mag + var_roc_mean_pha + var_roc_std_mag + var_roc_pha_coh","Random Forest","No Foil","Open","matthew",0.9,0.8,1,0.888888888888889,0.9,0.816496580927726
4,"var_roc_mean_mag + var_roc_mean_pha + var_roc_std_mag + var_roc_pha_coh","Random Forest","No Foil","Foil","abel",0.5,1,0,0.666666666666667,0.5,0
4,"var_roc_mean_mag + var_roc_mean_pha + var_roc_std_mag + var_roc_pha_coh","Random Forest","No Foil","Foil","collin",0.8,1,0.6,0.833333333333333,0.8,0.654653670707977
4,"var_roc_mean_mag + var_roc_mean_pha + var_roc_std_mag + var_roc_pha_coh","Random Forest","No Foil","Foil","ivan",0.6,1,0.2,0.714285714285714,0.6,0.333333333333333
4,"var_roc_mean_mag + var_roc_mean_pha + var_roc_std_mag + var_roc_pha_coh","Random Forest","No Foil","Foil","kenny",0.7,1,0.4,0.769230769230769,0.7,0.5
4,"var_roc_mean_mag + var_roc_mean_pha + var_roc_std_mag + var_roc_pha_coh","Random Forest","No Foil","Foil","matthew",0.5,1,0,0.666666666666667,0.5,0
4,"var_roc_mean_mag + var_roc_mean_pha + var_roc_std_mag + var_roc_pha_coh","Random Forest","No Foil","No Foil","abel",0.5,0,1,NA,0.5,0
4,"var_roc_mean_mag + var_roc_mean_pha + var_roc_std_mag + var_roc_pha_coh","Random Forest","No Foil","No Foil","collin",0.9,0.8,1,0.888888888888889,0.9,0.816496580927726
4,"var_roc_mean_mag + var_roc_mean_pha + var_roc_std_mag + var_roc_pha_coh","Random Forest","No Foil","No Foil","ivan",0.5,1,0,0.666666666666667,0.5,0
4,"var_roc_mean_mag + var_roc_mean_pha + var_roc_std_mag + var_roc_pha_coh","Random Forest","No Foil","No Foil","kenny",0.9,1,0.8,0.909090909090909,0.9,0.816496580927726
4,"var_roc_mean_mag + var_roc_mean_pha + var_roc_std_mag + var_roc_pha_coh","Random Forest","No Foil","No Foil","matthew",0.3,0,0.6,NA,0.3,-0.5
4,"var_roc_mean_mag + var_roc_mean_pha + var_roc_std_mag + var_roc_pha_coh","SVM","Open","Open","abel",1,1,1,1,1,1
4,"var_roc_mean_mag + var_roc_mean_pha + var_roc_std_mag + var_roc_pha_coh","SVM","Open","Open","collin",1,1,1,1,1,1
4,"var_roc_mean_mag + var_roc_mean_pha + var_roc_std_mag + var_roc_pha_coh","SVM","Open","Open","ivan",1,1,1,1,1,1
4,"var_roc_mean_mag + var_roc_mean_pha + var_roc_std_mag + var_roc_pha_coh","SVM","Open","Open","kenny",1,1,1,1,1,1
4,"var_roc_mean_mag + var_roc_mean_pha + var_roc_std_mag + var_roc_pha_coh","SVM","Open","Open","matthew",1,1,1,1,1,1
4,"var_roc_mean_mag + var_roc_mean_pha + var_roc_std_mag + var_roc_pha_coh","SVM","Open","Foil","abel",0.5,1,0,0.666666666666667,0.5,0
4,"var_roc_mean_mag + var_roc_mean_pha + var_roc_std_mag + var_roc_pha_coh","SVM","Open","Foil","collin",0.6,1,0.2,0.714285714285714,0.6,0.333333333333333
4,"var_roc_mean_mag + var_roc_mean_pha + var_roc_std_mag + var_roc_pha_coh","SVM","Open","Foil","ivan",0.5,1,0,0.666666666666667,0.5,0
4,"var_roc_mean_mag + var_roc_mean_pha + var_roc_std_mag + var_roc_pha_coh","SVM","Open","Foil","kenny",0.5,1,0,0.666666666666667,0.5,0
4,"var_roc_mean_mag + var_roc_mean_pha + var_roc_std_mag + var_roc_pha_coh","SVM","Open","Foil","matthew",0.5,1,0,0.666666666666667,0.5,0
4,"var_roc_mean_mag + var_roc_mean_pha + var_roc_std_mag + var_roc_pha_coh","SVM","Open","No Foil","abel",0.9,0.8,1,0.888888888888889,0.9,0.816496580927726
4,"var_roc_mean_mag + var_roc_mean_pha + var_roc_std_mag + var_roc_pha_coh","SVM","Open","No Foil","collin",0.9,1,0.8,0.909090909090909,0.9,0.816496580927726
4,"var_roc_mean_mag + var_roc_mean_pha + var_roc_std_mag + var_roc_pha_coh","SVM","Open","No Foil","ivan",0.5,1,0,0.666666666666667,0.5,0
4,"var_roc_mean_mag + var_roc_mean_pha + var_roc_std_mag + var_roc_pha_coh","SVM","Open","No Foil","kenny",0.5,1,0,0.666666666666667,0.5,0
4,"var_roc_mean_mag + var_roc_mean_pha + var_roc_std_mag + var_roc_pha_coh","SVM","Open","No Foil","matthew",0.8,1,0.6,0.833333333333333,0.8,0.654653670707977
4,"var_roc_mean_mag + var_roc_mean_pha + var_roc_std_mag + var_roc_pha_coh","SVM","Foil","Open","abel",0.5,0,1,NA,0.5,0
4,"var_roc_mean_mag + var_roc_mean_pha + var_roc_std_mag + var_roc_pha_coh","SVM","Foil","Open","collin",0.5,0,1,NA,0.5,0
4,"var_roc_mean_mag + var_roc_mean_pha + var_roc_std_mag + var_roc_pha_coh","SVM","Foil","Open","ivan",0.5,0,1,NA,0.5,0
4,"var_roc_mean_mag + var_roc_mean_pha + var_roc_std_mag + var_roc_pha_coh","SVM","Foil","Open","kenny",0.5,0,1,NA,0.5,0
4,"var_roc_mean_mag + var_roc_mean_pha + var_roc_std_mag + var_roc_pha_coh","SVM","Foil","Open","matthew",0.5,0,1,NA,0.5,0
4,"var_roc_mean_mag + var_roc_mean_pha + var_roc_std_mag + var_roc_pha_coh","SVM","Foil","Foil","abel",0.8,1,0.6,0.833333333333333,0.8,0.654653670707977
4,"var_roc_mean_mag + var_roc_mean_pha + var_roc_std_mag + var_roc_pha_coh","SVM","Foil","Foil","collin",0.9,0.8,1,0.888888888888889,0.9,0.816496580927726
4,"var_roc_mean_mag + var_roc_mean_pha + var_roc_std_mag + var_roc_pha_coh","SVM","Foil","Foil","ivan",0.8,0.6,1,0.75,0.8,0.654653670707977
4,"var_roc_mean_mag + var_roc_mean_pha + var_roc_std_mag + var_roc_pha_coh","SVM","Foil","Foil","kenny",1,1,1,1,1,1
4,"var_roc_mean_mag + var_roc_mean_pha + var_roc_std_mag + var_roc_pha_coh","SVM","Foil","Foil","matthew",1,1,1,1,1,1
4,"var_roc_mean_mag + var_roc_mean_pha + var_roc_std_mag + var_roc_pha_coh","SVM","Foil","No Foil","abel",0.5,0,1,NA,0.5,0
4,"var_roc_mean_mag + var_roc_mean_pha + var_roc_std_mag + var_roc_pha_coh","SVM","Foil","No Foil","collin",0.5,0,1,NA,0.5,0
4,"var_roc_mean_mag + var_roc_mean_pha + var_roc_std_mag + var_roc_pha_coh","SVM","Foil","No Foil","ivan",0.6,0.2,1,0.333333333333333,0.6,0.333333333333333
4,"var_roc_mean_mag + var_roc_mean_pha + var_roc_std_mag + var_roc_pha_coh","SVM","Foil","No Foil","kenny",0.7,0.4,1,0.571428571428572,0.7,0.5
4,"var_roc_mean_mag + var_roc_mean_pha + var_roc_std_mag + var_roc_pha_coh","SVM","Foil","No Foil","matthew",0.5,0,1,NA,0.5,0
4,"var_roc_mean_mag + var_roc_mean_pha + var_roc_std_mag + var_roc_pha_coh","SVM","No Foil","Open","abel",0.5,0,1,NA,0.5,0
4,"var_roc_mean_mag + var_roc_mean_pha + var_roc_std_mag + var_roc_pha_coh","SVM","No Foil","Open","collin",0.5,0,1,NA,0.5,0
4,"var_roc_mean_mag + var_roc_mean_pha + var_roc_std_mag + var_roc_pha_coh","SVM","No Foil","Open","ivan",0.5,0,1,NA,0.5,0
4,"var_roc_mean_mag + var_roc_mean_pha + var_roc_std_mag + var_roc_pha_coh","SVM","No Foil","Open","kenny",0.5,0,1,NA,0.5,0
4,"var_roc_mean_mag + var_roc_mean_pha + var_roc_std_mag + var_roc_pha_coh","SVM","No Foil","Open","matthew",0.5,0,1,NA,0.5,0
4,"var_roc_mean_mag + var_roc_mean_pha + var_roc_std_mag + var_roc_pha_coh","SVM","No Foil","Foil","abel",0.5,1,0,0.666666666666667,0.5,0
4,"var_roc_mean_mag + var_roc_mean_pha + var_roc_std_mag + var_roc_pha_coh","SVM","No Foil","Foil","collin",0.9,0.8,1,0.888888888888889,0.9,0.816496580927726
4,"var_roc_mean_mag + var_roc_mean_pha + var_roc_std_mag + var_roc_pha_coh","SVM","No Foil","Foil","ivan",0.8,1,0.6,0.833333333333333,0.8,0.654653670707977
4,"var_roc_mean_mag + var_roc_mean_pha + var_roc_std_mag + var_roc_pha_coh","SVM","No Foil","Foil","kenny",0.7,1,0.4,0.769230769230769,0.7,0.5
4,"var_roc_mean_mag + var_roc_mean_pha + var_roc_std_mag + var_roc_pha_coh","SVM","No Foil","Foil","matthew",0.5,1,0,0.666666666666667,0.5,0
4,"var_roc_mean_mag + var_roc_mean_pha + var_roc_std_mag + var_roc_pha_coh","SVM","No Foil","No Foil","abel",0.5,0,1,NA,0.5,0
4,"var_roc_mean_mag + var_roc_mean_pha + var_roc_std_mag + var_roc_pha_coh","SVM","No Foil","No Foil","collin",0.7,0.6,0.8,0.666666666666667,0.7,0.408248290463863
4,"var_roc_mean_mag + var_roc_mean_pha + var_roc_std_mag + var_roc_pha_coh","SVM","No Foil","No Foil","ivan",0.7,1,0.4,0.769230769230769,0.7,0.5
4,"var_roc_mean_mag + var_roc_mean_pha + var_roc_std_mag + var_roc_pha_coh","SVM","No Foil","No Foil","kenny",1,1,1,1,1,1
4,"var_roc_mean_mag + var_roc_mean_pha + var_roc_std_mag + var_roc_pha_coh","SVM","No Foil","No Foil","matthew",0.9,0.8,1,0.888888888888889,0.9,0.816496580927726
